recall_id,clause_id,segment_ids,fan_out,reciprocal,percentage,including_other_clauses_percentage,including_other_clauses,only_secondary,totally_missed,max_clause_id,clause_position
6414700ca2b49ecb73f91a6d,1,[1],1,[],0.0,0.0,[],set(),{1},8,0.125
6414700ca2b49ecb73f91a6d,2,"[4, 5]",2,[],0.0,0.0,[],set(),"{4, 5}",8,0.25
6414700ca2b49ecb73f91a6d,3,[7],1,[],0.0,0.0,[],set(),{7},8,0.375
6414700ca2b49ecb73f91a6d,4,"[9, 11, 12, 16]",4,[],0.0,0.0,[],set(),"{16, 9, 11, 12}",8,0.5
6414700ca2b49ecb73f91a6d,5,[10],1,[],0.0,0.0,[],set(),{10},8,0.625
6414700ca2b49ecb73f91a6d,6,"[14, 15]",2,[],0.0,0.0,[],set(),"{14, 15}",8,0.75
6414700ca2b49ecb73f91a6d,7,[17],1,[],0.0,0.0,[],set(),{17},8,0.875
6414700ca2b49ecb73f91a6d,8,"[18, 19]",2,[],0.0,0.0,[],set(),"{18, 19}",8,1.0
59974ec21b3d95000121f77c,1,[1],1,[],0.0,0.0,[],set(),{1},8,0.125
59974ec21b3d95000121f77c,2,[6],1,[],0.0,0.0,[],set(),{6},8,0.25
59974ec21b3d95000121f77c,3,"[7, 13]",2,[],0.0,0.0,[],set(),"{13, 7}",8,0.375
59974ec21b3d95000121f77c,4,"[8, 13]",2,[],0.0,0.0,[],set(),"{8, 13}",8,0.5
59974ec21b3d95000121f77c,5,"[9, 11]",2,[],0.0,0.0,[],set(),"{9, 11}",8,0.625
59974ec21b3d95000121f77c,6,"[14, 16]",2,[],0.0,0.0,[],set(),"{16, 14}",8,0.75
59974ec21b3d95000121f77c,7,[17],1,[],0.0,0.0,[],set(),{17},8,0.875
59974ec21b3d95000121f77c,8,"[18, 19]",2,[],0.0,0.0,[],set(),"{18, 19}",8,1.0
60693e637bc58fc13d57b1a7,1,[6],1,[],0.0,0.0,[],set(),{6},19,0.05263157894736842
60693e637bc58fc13d57b1a7,2,"[6, 9]",2,[],0.0,0.0,[],set(),"{9, 6}",19,0.10526315789473684
60693e637bc58fc13d57b1a7,3,[6],1,[],0.0,0.0,[],set(),{6},19,0.15789473684210525
60693e637bc58fc13d57b1a7,4,[6],1,[],0.0,0.0,[],set(),{6},19,0.21052631578947367
60693e637bc58fc13d57b1a7,5,[7],1,[],0.0,0.0,[],set(),{7},19,0.2631578947368421
60693e637bc58fc13d57b1a7,6,[7],1,[],0.0,0.0,[],set(),{7},19,0.3157894736842105
60693e637bc58fc13d57b1a7,7,[8],1,[],0.0,0.0,[],set(),{8},19,0.3684210526315789
60693e637bc58fc13d57b1a7,8,[9],1,[],0.0,0.0,[],set(),{9},19,0.42105263157894735
60693e637bc58fc13d57b1a7,9,[9],1,[],0.0,0.0,[],set(),{9},19,0.47368421052631576
60693e637bc58fc13d57b1a7,10,[10],1,[],0.0,0.0,[],set(),{10},19,0.5263157894736842
60693e637bc58fc13d57b1a7,11,[10],1,[],0.0,0.0,[],set(),{10},19,0.5789473684210527
60693e637bc58fc13d57b1a7,12,[10],1,[],0.0,0.0,[],set(),{10},19,0.631578947368421
60693e637bc58fc13d57b1a7,13,[14],1,[],0.0,0.0,[],set(),{14},19,0.6842105263157895
60693e637bc58fc13d57b1a7,14,[15],1,[],0.0,0.0,[],set(),{15},19,0.7368421052631579
60693e637bc58fc13d57b1a7,15,[16],1,[],0.0,0.0,[],set(),{16},19,0.7894736842105263
60693e637bc58fc13d57b1a7,16,[17],1,[],0.0,0.0,[],set(),{17},19,0.8421052631578947
60693e637bc58fc13d57b1a7,17,[17],1,[],0.0,0.0,[],set(),{17},19,0.8947368421052632
60693e637bc58fc13d57b1a7,18,[18],1,[],0.0,0.0,[],set(),{18},19,0.9473684210526315
60693e637bc58fc13d57b1a7,19,[19],1,[],0.0,0.0,[],set(),{19},19,1.0
5b36b8001d4b680001690d9c,1,[1],1,[],0.0,0.0,[],set(),{1},6,0.16666666666666666
5b36b8001d4b680001690d9c,2,"[2, 5]",2,[],0.0,0.0,[],set(),"{2, 5}",6,0.3333333333333333
5b36b8001d4b680001690d9c,3,"[6, 7, 10, 13]",4,[],0.0,0.0,[],set(),"{10, 13, 6, 7}",6,0.5
5b36b8001d4b680001690d9c,4,[7],1,[],0.0,0.0,[],set(),{7},6,0.6666666666666666
5b36b8001d4b680001690d9c,5,"[14, 15]",2,[],0.0,0.0,[],set(),"{14, 15}",6,0.8333333333333334
5b36b8001d4b680001690d9c,6,[16],1,[],0.0,0.0,[],set(),{16},6,1.0
5be0bf8e292b64000169a165,1,[1],1,[],0.0,0.0,[],set(),{1},21,0.047619047619047616
5be0bf8e292b64000169a165,2,"[2, 5]",2,[],0.0,0.0,[],set(),"{2, 5}",21,0.09523809523809523
5be0bf8e292b64000169a165,3,[3],1,[],0.0,0.0,[],set(),{3},21,0.14285714285714285
5be0bf8e292b64000169a165,4,[4],1,[],0.0,0.0,[],set(),{4},21,0.19047619047619047
5be0bf8e292b64000169a165,5,[4],1,[],0.0,0.0,[],set(),{4},21,0.23809523809523808
5be0bf8e292b64000169a165,6,"[2, 5]",2,[],0.0,0.0,[],set(),"{2, 5}",21,0.2857142857142857
5be0bf8e292b64000169a165,7,[6],1,[],0.0,0.0,[],set(),{6},21,0.3333333333333333
5be0bf8e292b64000169a165,8,[6],1,[],0.0,0.0,[],set(),{6},21,0.38095238095238093
5be0bf8e292b64000169a165,9,[13],1,[],0.0,0.0,[],set(),{13},21,0.42857142857142855
5be0bf8e292b64000169a165,10,[7],1,[],0.0,0.0,[],set(),{7},21,0.47619047619047616
5be0bf8e292b64000169a165,11,[8],1,[],0.0,0.0,[],set(),{8},21,0.5238095238095238
5be0bf8e292b64000169a165,12,"[9, 11]",2,[],0.0,0.0,[],set(),"{9, 11}",21,0.5714285714285714
5be0bf8e292b64000169a165,13,[10],1,[],0.0,0.0,[],set(),{10},21,0.6190476190476191
5be0bf8e292b64000169a165,14,[],0,[],0.0,0.0,[],set(),set(),21,0.6666666666666666
5be0bf8e292b64000169a165,15,[14],1,[],0.0,0.0,[],set(),{14},21,0.7142857142857143
5be0bf8e292b64000169a165,16,[15],1,[],0.0,0.0,[],set(),{15},21,0.7619047619047619
5be0bf8e292b64000169a165,17,[16],1,[],0.0,0.0,[],set(),{16},21,0.8095238095238095
5be0bf8e292b64000169a165,18,[13],1,[],0.0,0.0,[],set(),{13},21,0.8571428571428571
5be0bf8e292b64000169a165,19,[17],1,[],0.0,0.0,[],set(),{17},21,0.9047619047619048
5be0bf8e292b64000169a165,20,[18],1,[],0.0,0.0,[],set(),{18},21,0.9523809523809523
5be0bf8e292b64000169a165,21,[19],1,[],0.0,0.0,[],set(),{19},21,1.0
62b47e0c29438e8654ef9938,1,[1],1,[],0.0,0.0,[],set(),{1},9,0.1111111111111111
62b47e0c29438e8654ef9938,2,"[2, 3, 5, 6]",4,[],0.0,0.0,[],set(),"{2, 3, 5, 6}",9,0.2222222222222222
62b47e0c29438e8654ef9938,3,[7],1,[],0.0,0.0,[],set(),{7},9,0.3333333333333333
62b47e0c29438e8654ef9938,4,[7],1,[],0.0,0.0,[],set(),{7},9,0.4444444444444444
62b47e0c29438e8654ef9938,5,"[9, 11, 12]",3,[],0.0,0.0,[],set(),"{9, 11, 12}",9,0.5555555555555556
62b47e0c29438e8654ef9938,6,"[8, 9, 10]",3,[],0.0,0.0,[],set(),"{8, 9, 10}",9,0.6666666666666666
62b47e0c29438e8654ef9938,7,"[14, 15, 16]",3,[],0.0,0.0,[],set(),"{16, 14, 15}",9,0.7777777777777778
62b47e0c29438e8654ef9938,8,"[17, 18]",2,[],0.0,0.0,[],set(),"{17, 18}",9,0.8888888888888888
62b47e0c29438e8654ef9938,9,[19],1,[],0.0,0.0,[],set(),{19},9,1.0
601958c0af6453017a0cbbd4,1,[1],1,[],0.0,0.0,[],set(),{1},10,0.1
601958c0af6453017a0cbbd4,2,"[2, 3]",2,[],0.0,0.0,[],set(),"{2, 3}",10,0.2
601958c0af6453017a0cbbd4,3,[4],1,[],0.0,0.0,[],set(),{4},10,0.3
601958c0af6453017a0cbbd4,4,[5],1,[],0.0,0.0,[],set(),{5},10,0.4
601958c0af6453017a0cbbd4,5,[6],1,[],0.0,0.0,[],set(),{6},10,0.5
601958c0af6453017a0cbbd4,6,[6],1,[],0.0,0.0,[],set(),{6},10,0.6
601958c0af6453017a0cbbd4,7,[7],1,[],0.0,0.0,[],set(),{7},10,0.7
601958c0af6453017a0cbbd4,8,[7],1,[],0.0,0.0,[],set(),{7},10,0.8
601958c0af6453017a0cbbd4,9,[8],1,[],0.0,0.0,[],set(),{8},10,0.9
601958c0af6453017a0cbbd4,10,[9],1,[],0.0,0.0,[],set(),{9},10,1.0
59c63ec50aaf750001213c37,1,[1],1,[],0.0,0.0,[],set(),{1},6,0.16666666666666666
59c63ec50aaf750001213c37,2,[6],1,[],0.0,0.0,[],set(),{6},6,0.3333333333333333
59c63ec50aaf750001213c37,3,[4],1,[],0.0,0.0,[],set(),{4},6,0.5
59c63ec50aaf750001213c37,4,"[7, 8, 13]",3,[],0.0,0.0,[],set(),"{8, 13, 7}",6,0.6666666666666666
59c63ec50aaf750001213c37,5,"[14, 15, 16]",3,[],0.0,0.0,[],set(),"{16, 14, 15}",6,0.8333333333333334
59c63ec50aaf750001213c37,6,"[17, 18, 19]",3,[],0.0,0.0,[],set(),"{17, 18, 19}",6,1.0
5da5d4ea6f5d4400138def3f,1,[],0,[],0.0,0.0,[],set(),set(),18,0.05555555555555555
5da5d4ea6f5d4400138def3f,2,[1],1,[],0.0,0.0,[],set(),{1},18,0.1111111111111111
5da5d4ea6f5d4400138def3f,3,"[2, 3, 5]",3,[],0.0,0.0,[],set(),"{2, 3, 5}",18,0.16666666666666666
5da5d4ea6f5d4400138def3f,4,[4],1,[],0.0,0.0,[],set(),{4},18,0.2222222222222222
5da5d4ea6f5d4400138def3f,5,[6],1,[],0.0,0.0,[],set(),{6},18,0.2777777777777778
5da5d4ea6f5d4400138def3f,6,[],0,[],0.0,0.0,[],set(),set(),18,0.3333333333333333
5da5d4ea6f5d4400138def3f,7,[7],1,[],0.0,0.0,[],set(),{7},18,0.3888888888888889
5da5d4ea6f5d4400138def3f,8,[8],1,[],0.0,0.0,[],set(),{8},18,0.4444444444444444
5da5d4ea6f5d4400138def3f,9,[9],1,[],0.0,0.0,[],set(),{9},18,0.5
5da5d4ea6f5d4400138def3f,10,[10],1,[],0.0,0.0,[],set(),{10},18,0.5555555555555556
5da5d4ea6f5d4400138def3f,11,[10],1,[],0.0,0.0,[],set(),{10},18,0.6111111111111112
5da5d4ea6f5d4400138def3f,12,[],0,[],0.0,0.0,[],set(),set(),18,0.6666666666666666
5da5d4ea6f5d4400138def3f,13,"[14, 15]",2,[],0.0,0.0,[],set(),"{14, 15}",18,0.7222222222222222
5da5d4ea6f5d4400138def3f,14,[16],1,[],0.0,0.0,[],set(),{16},18,0.7777777777777778
5da5d4ea6f5d4400138def3f,15,[16],1,[],0.0,0.0,[],set(),{16},18,0.8333333333333334
5da5d4ea6f5d4400138def3f,16,[17],1,[],0.0,0.0,[],set(),{17},18,0.8888888888888888
5da5d4ea6f5d4400138def3f,17,[18],1,[],0.0,0.0,[],set(),{18},18,0.9444444444444444
5da5d4ea6f5d4400138def3f,18,[19],1,[],0.0,0.0,[],set(),{19},18,1.0
630492ce98f024b7188676df,1,[1],1,[],0.0,0.0,[],set(),{1},10,0.1
630492ce98f024b7188676df,2,[1],1,[],0.0,0.0,[],set(),{1},10,0.2
630492ce98f024b7188676df,3,"[2, 5]",2,[],0.0,0.0,[],set(),"{2, 5}",10,0.3
630492ce98f024b7188676df,4,[4],1,[],0.0,0.0,[],set(),{4},10,0.4
630492ce98f024b7188676df,5,"[2, 5]",2,[],0.0,0.0,[],set(),"{2, 5}",10,0.5
630492ce98f024b7188676df,6,[6],1,[],0.0,0.0,[],set(),{6},10,0.6
630492ce98f024b7188676df,7,[16],1,[],0.0,0.0,[],set(),{16},10,0.7
630492ce98f024b7188676df,8,"[14, 15]",2,[],0.0,0.0,[],set(),"{14, 15}",10,0.8
630492ce98f024b7188676df,9,[17],1,[],0.0,0.0,[],set(),{17},10,0.9
630492ce98f024b7188676df,10,[19],1,[],0.0,0.0,[],set(),{19},10,1.0
610eed701307b477c5f8771e,1,[1],1,[],0.0,0.0,[],set(),{1},13,0.07692307692307693
610eed701307b477c5f8771e,2,[1],1,[],0.0,0.0,[],set(),{1},13,0.15384615384615385
610eed701307b477c5f8771e,3,"[2, 5]",2,[],0.0,0.0,[],set(),"{2, 5}",13,0.23076923076923078
610eed701307b477c5f8771e,4,"[2, 3, 5]",3,[],0.0,0.0,[],set(),"{2, 3, 5}",13,0.3076923076923077
610eed701307b477c5f8771e,5,[6],1,[],0.0,0.0,[],set(),{6},13,0.38461538461538464
610eed701307b477c5f8771e,6,"[6, 7, 13]",3,[],0.0,0.0,[],set(),"{13, 6, 7}",13,0.46153846153846156
610eed701307b477c5f8771e,7,[7],1,[],0.0,0.0,[],set(),{7},13,0.5384615384615384
610eed701307b477c5f8771e,8,[8],1,[],0.0,0.0,[],set(),{8},13,0.6153846153846154
610eed701307b477c5f8771e,9,"[9, 10]",2,[],0.0,0.0,[],set(),"{9, 10}",13,0.6923076923076923
610eed701307b477c5f8771e,10,[10],1,[],0.0,0.0,[],set(),{10},13,0.7692307692307693
610eed701307b477c5f8771e,11,"[14, 15, 16]",3,[],0.0,0.0,[],set(),"{16, 14, 15}",13,0.8461538461538461
610eed701307b477c5f8771e,12,"[17, 18]",2,[],0.0,0.0,[],set(),"{17, 18}",13,0.9230769230769231
610eed701307b477c5f8771e,13,[19],1,[],0.0,0.0,[],set(),{19},13,1.0
60e36c2c650c79e11dbc84d7,1,[14],1,[],0.0,0.0,[],set(),{14},1,1.0
6323441a11146d51c1d5874d,1,[1],1,[],0.0,0.0,[],set(),{1},5,0.2
6323441a11146d51c1d5874d,2,[1],1,[],0.0,0.0,[],set(),{1},5,0.4
6323441a11146d51c1d5874d,3,"[2, 5]",2,[],0.0,0.0,[],set(),"{2, 5}",5,0.6
6323441a11146d51c1d5874d,4,[8],1,[],0.0,0.0,[],set(),{8},5,0.8
6323441a11146d51c1d5874d,5,[7],1,[],0.0,0.0,[],set(),{7},5,1.0
5ea0631f1b0f64012fefc637,1,[1],1,[],0.0,0.0,[],set(),{1},10,0.1
5ea0631f1b0f64012fefc637,2,"[2, 5, 6]",3,[],0.0,0.0,[],set(),"{2, 5, 6}",10,0.2
5ea0631f1b0f64012fefc637,3,[4],1,[],0.0,0.0,[],set(),{4},10,0.3
5ea0631f1b0f64012fefc637,4,[7],1,[],0.0,0.0,[],set(),{7},10,0.4
5ea0631f1b0f64012fefc637,5,"[9, 16]",2,[],0.0,0.0,[],set(),"{16, 9}",10,0.5
5ea0631f1b0f64012fefc637,6,[11],1,[],0.0,0.0,[],set(),{11},10,0.6
5ea0631f1b0f64012fefc637,7,"[14, 15]",2,[],0.0,0.0,[],set(),"{14, 15}",10,0.7
5ea0631f1b0f64012fefc637,8,[13],1,[],0.0,0.0,[],set(),{13},10,0.8
5ea0631f1b0f64012fefc637,9,[17],1,[],0.0,0.0,[],set(),{17},10,0.9
5ea0631f1b0f64012fefc637,10,"[18, 19]",2,[],0.0,0.0,[],set(),"{18, 19}",10,1.0
640226e83e2c4614c50dff0e,1,[1],1,[],0.0,0.0,[],set(),{1},7,0.14285714285714285
640226e83e2c4614c50dff0e,2,"[2, 5]",2,[],0.0,0.0,[],set(),"{2, 5}",7,0.2857142857142857
640226e83e2c4614c50dff0e,3,[6],1,[],0.0,0.0,[],set(),{6},7,0.42857142857142855
640226e83e2c4614c50dff0e,4,[7],1,[],0.0,0.0,[],set(),{7},7,0.5714285714285714
640226e83e2c4614c50dff0e,5,[8],1,[],0.0,0.0,[],set(),{8},7,0.7142857142857143
640226e83e2c4614c50dff0e,6,"[9, 10, 11, 12, 16]",5,[],0.0,0.0,[],set(),"{16, 9, 10, 11, 12}",7,0.8571428571428571
640226e83e2c4614c50dff0e,7,"[17, 18, 19]",3,[],0.0,0.0,[],set(),"{17, 18, 19}",7,1.0
5edcea8b73beeb9b0a9d18c9,1,[1],1,[],0.0,0.0,[],set(),{1},10,0.1
5edcea8b73beeb9b0a9d18c9,2,"[2, 5]",2,[],0.0,0.0,[],set(),"{2, 5}",10,0.2
5edcea8b73beeb9b0a9d18c9,3,[4],1,[],0.0,0.0,[],set(),{4},10,0.3
5edcea8b73beeb9b0a9d18c9,4,[6],1,[],0.0,0.0,[],set(),{6},10,0.4
5edcea8b73beeb9b0a9d18c9,5,[7],1,[],0.0,0.0,[],set(),{7},10,0.5
5edcea8b73beeb9b0a9d18c9,6,[7],1,[],0.0,0.0,[],set(),{7},10,0.6
5edcea8b73beeb9b0a9d18c9,7,[8],1,[],0.0,0.0,[],set(),{8},10,0.7
5edcea8b73beeb9b0a9d18c9,8,[9],1,[],0.0,0.0,[],set(),{9},10,0.8
5edcea8b73beeb9b0a9d18c9,9,[16],1,[],0.0,0.0,[],set(),{16},10,0.9
5edcea8b73beeb9b0a9d18c9,10,"[18, 19]",2,[],0.0,0.0,[],set(),"{18, 19}",10,1.0
5f4c40e6e83b1e856330ec82,1,[1],1,[],0.0,0.0,[],set(),{1},15,0.06666666666666667
5f4c40e6e83b1e856330ec82,2,[1],1,[],0.0,0.0,[],set(),{1},15,0.13333333333333333
5f4c40e6e83b1e856330ec82,3,[3],1,[],0.0,0.0,[],set(),{3},15,0.2
5f4c40e6e83b1e856330ec82,4,"[2, 5]",2,[],0.0,0.0,[],set(),"{2, 5}",15,0.26666666666666666
5f4c40e6e83b1e856330ec82,5,[7],1,[],0.0,0.0,[],set(),{7},15,0.3333333333333333
5f4c40e6e83b1e856330ec82,6,[8],1,[],0.0,0.0,[],set(),{8},15,0.4
5f4c40e6e83b1e856330ec82,7,"[9, 11, 12]",3,[],0.0,0.0,[],set(),"{9, 11, 12}",15,0.4666666666666667
5f4c40e6e83b1e856330ec82,8,[10],1,[],0.0,0.0,[],set(),{10},15,0.5333333333333333
5f4c40e6e83b1e856330ec82,9,[10],1,[],0.0,0.0,[],set(),{10},15,0.6
5f4c40e6e83b1e856330ec82,10,"[14, 15]",2,[],0.0,0.0,[],set(),"{14, 15}",15,0.6666666666666666
5f4c40e6e83b1e856330ec82,11,[16],1,[],0.0,0.0,[],set(),{16},15,0.7333333333333333
5f4c40e6e83b1e856330ec82,12,[],0,[],0.0,0.0,[],set(),set(),15,0.8
5f4c40e6e83b1e856330ec82,13,[17],1,[],0.0,0.0,[],set(),{17},15,0.8666666666666667
5f4c40e6e83b1e856330ec82,14,"[17, 18]",2,[],0.0,0.0,[],set(),"{17, 18}",15,0.9333333333333333
5f4c40e6e83b1e856330ec82,15,[19],1,[],0.0,0.0,[],set(),{19},15,1.0
6414bb5268067523aa656cf6,1,[1],1,[],0.0,0.0,[],set(),{1},10,0.1
6414bb5268067523aa656cf6,2,"[2, 3, 4, 5]",4,[],0.0,0.0,[],set(),"{2, 3, 4, 5}",10,0.2
6414bb5268067523aa656cf6,3,[6],1,[],0.0,0.0,[],set(),{6},10,0.3
6414bb5268067523aa656cf6,4,[6],1,[],0.0,0.0,[],set(),{6},10,0.4
6414bb5268067523aa656cf6,5,[7],1,[],0.0,0.0,[],set(),{7},10,0.5
6414bb5268067523aa656cf6,6,"[9, 10]",2,[],0.0,0.0,[],set(),"{9, 10}",10,0.6
6414bb5268067523aa656cf6,7,"[14, 15, 16]",3,[],0.0,0.0,[],set(),"{16, 14, 15}",10,0.7
6414bb5268067523aa656cf6,8,[17],1,[],0.0,0.0,[],set(),{17},10,0.8
6414bb5268067523aa656cf6,9,[18],1,[],0.0,0.0,[],set(),{18},10,0.9
6414bb5268067523aa656cf6,10,[19],1,[],0.0,0.0,[],set(),{19},10,1.0
6073ef4aa2110f1236736c6d,1,[1],1,[],0.0,0.0,[],set(),{1},3,0.3333333333333333
6073ef4aa2110f1236736c6d,2,"[2, 3, 5]",3,[],0.0,0.0,[],set(),"{2, 3, 5}",3,0.6666666666666666
6073ef4aa2110f1236736c6d,3,[7],1,[],0.0,0.0,[],set(),{7},3,1.0
58df44addc82640001b17a23,1,[1],1,[],0.0,0.0,[],set(),{1},8,0.125
58df44addc82640001b17a23,2,[4],1,[],0.0,0.0,[],set(),{4},8,0.25
58df44addc82640001b17a23,3,"[2, 5]",2,[],0.0,0.0,[],set(),"{2, 5}",8,0.375
58df44addc82640001b17a23,4,[6],1,[],0.0,0.0,[],set(),{6},8,0.5
58df44addc82640001b17a23,5,[6],1,[],0.0,0.0,[],set(),{6},8,0.625
58df44addc82640001b17a23,6,"[7, 8]",2,[],0.0,0.0,[],set(),"{8, 7}",8,0.75
58df44addc82640001b17a23,7,"[9, 10, 16]",3,[],0.0,0.0,[],set(),"{16, 9, 10}",8,0.875
58df44addc82640001b17a23,8,"[17, 18, 19]",3,[],0.0,0.0,[],set(),"{17, 18, 19}",8,1.0
60fd3ab1157a5701a2cc3468,1,[1],1,[],0.0,0.0,[],set(),{1},6,0.16666666666666666
60fd3ab1157a5701a2cc3468,2,"[2, 5]",2,[],0.0,0.0,[],set(),"{2, 5}",6,0.3333333333333333
60fd3ab1157a5701a2cc3468,3,"[7, 12, 13]",3,[],0.0,0.0,[],set(),"{12, 13, 7}",6,0.5
60fd3ab1157a5701a2cc3468,4,"[9, 11, 14, 15, 16]",5,[],0.0,0.0,[],set(),"{16, 9, 11, 14, 15}",6,0.6666666666666666
60fd3ab1157a5701a2cc3468,5,[17],1,[],0.0,0.0,[],set(),{17},6,0.8333333333333334
60fd3ab1157a5701a2cc3468,6,[],0,[],0.0,0.0,[],set(),set(),6,1.0
63f7792ffa2f18ec31a85d24,1,[1],1,[],0.0,0.0,[],set(),{1},11,0.09090909090909091
63f7792ffa2f18ec31a85d24,2,"[2, 5]",2,[],0.0,0.0,[],set(),"{2, 5}",11,0.18181818181818182
63f7792ffa2f18ec31a85d24,3,[3],1,[],0.0,0.0,[],set(),{3},11,0.2727272727272727
63f7792ffa2f18ec31a85d24,4,[],0,[],0.0,0.0,[],set(),set(),11,0.36363636363636365
63f7792ffa2f18ec31a85d24,5,[4],1,[],0.0,0.0,[],set(),{4},11,0.45454545454545453
63f7792ffa2f18ec31a85d24,6,"[2, 5]",2,[],0.0,0.0,[],set(),"{2, 5}",11,0.5454545454545454
63f7792ffa2f18ec31a85d24,7,[7],1,[],0.0,0.0,[],set(),{7},11,0.6363636363636364
63f7792ffa2f18ec31a85d24,8,[8],1,[],0.0,0.0,[],set(),{8},11,0.7272727272727273
63f7792ffa2f18ec31a85d24,9,[9],1,[],0.0,0.0,[],set(),{9},11,0.8181818181818182
63f7792ffa2f18ec31a85d24,10,[],0,[],0.0,0.0,[],set(),set(),11,0.9090909090909091
63f7792ffa2f18ec31a85d24,11,"[14, 15]",2,[],0.0,0.0,[],set(),"{14, 15}",11,1.0
5e4ead217dd6be000d5a6140,1,"[2, 5]",2,[],0.0,0.0,[],set(),"{2, 5}",4,0.25
5e4ead217dd6be000d5a6140,2,[6],1,[],0.0,0.0,[],set(),{6},4,0.5
5e4ead217dd6be000d5a6140,3,"[6, 7]",2,[],0.0,0.0,[],set(),"{6, 7}",4,0.75
5e4ead217dd6be000d5a6140,4,"[14, 15]",2,[],0.0,0.0,[],set(),"{14, 15}",4,1.0
5ede96d4334831121745dcd6,1,[1],1,[],0.0,0.0,[],set(),{1},5,0.2
5ede96d4334831121745dcd6,2,"[2, 4, 5]",3,[],0.0,0.0,[],set(),"{2, 4, 5}",5,0.4
5ede96d4334831121745dcd6,3,[6],1,[],0.0,0.0,[],set(),{6},5,0.6
5ede96d4334831121745dcd6,4,[7],1,[],0.0,0.0,[],set(),{7},5,0.8
5ede96d4334831121745dcd6,5,"[9, 11, 12, 14, 15, 16]",6,[],0.0,0.0,[],set(),"{16, 9, 11, 12, 14, 15}",5,1.0
60b1e7e6954431450a63e847,1,[1],1,[],0.0,0.0,[],set(),{1},13,0.07692307692307693
60b1e7e6954431450a63e847,2,[1],1,[],0.0,0.0,[],set(),{1},13,0.15384615384615385
60b1e7e6954431450a63e847,3,"[2, 3, 5]",3,[],0.0,0.0,[],set(),"{2, 3, 5}",13,0.23076923076923078
60b1e7e6954431450a63e847,4,"[2, 3, 4, 5, 6]",5,[],0.0,0.0,[],set(),"{2, 3, 4, 5, 6}",13,0.3076923076923077
60b1e7e6954431450a63e847,5,[7],1,[],0.0,0.0,[],set(),{7},13,0.38461538461538464
60b1e7e6954431450a63e847,6,[8],1,[],0.0,0.0,[],set(),{8},13,0.46153846153846156
60b1e7e6954431450a63e847,7,[9],1,[],0.0,0.0,[],set(),{9},13,0.5384615384615384
60b1e7e6954431450a63e847,8,[10],1,[],0.0,0.0,[],set(),{10},13,0.6153846153846154
60b1e7e6954431450a63e847,9,[14],1,[],0.0,0.0,[],set(),{14},13,0.6923076923076923
60b1e7e6954431450a63e847,10,"[15, 16]",2,[],0.0,0.0,[],set(),"{16, 15}",13,0.7692307692307693
60b1e7e6954431450a63e847,11,[17],1,[],0.0,0.0,[],set(),{17},13,0.8461538461538461
60b1e7e6954431450a63e847,12,[17],1,[],0.0,0.0,[],set(),{17},13,0.9230769230769231
60b1e7e6954431450a63e847,13,"[18, 19]",2,[],0.0,0.0,[],set(),"{18, 19}",13,1.0
6097ec1a8c0b4df21cbb9024,1,[6],1,[],0.0,0.0,[],set(),{6},9,0.1111111111111111
6097ec1a8c0b4df21cbb9024,2,[7],1,[],0.0,0.0,[],set(),{7},9,0.2222222222222222
6097ec1a8c0b4df21cbb9024,3,[8],1,[],0.0,0.0,[],set(),{8},9,0.3333333333333333
6097ec1a8c0b4df21cbb9024,4,[9],1,[],0.0,0.0,[],set(),{9},9,0.4444444444444444
6097ec1a8c0b4df21cbb9024,5,[10],1,[],0.0,0.0,[],set(),{10},9,0.5555555555555556
6097ec1a8c0b4df21cbb9024,6,"[11, 12]",2,[],0.0,0.0,[],set(),"{11, 12}",9,0.6666666666666666
6097ec1a8c0b4df21cbb9024,7,[17],1,[],0.0,0.0,[],set(),{17},9,0.7777777777777778
6097ec1a8c0b4df21cbb9024,8,"[18, 19]",2,[],0.0,0.0,[],set(),"{18, 19}",9,0.8888888888888888
6097ec1a8c0b4df21cbb9024,9,"[2, 5]",2,[],0.0,0.0,[],set(),"{2, 5}",9,1.0
5f79f34d5a697d0c18b4ade5,1,"[2, 3]",2,[],0.0,0.0,[],set(),"{2, 3}",11,0.09090909090909091
5f79f34d5a697d0c18b4ade5,2,[8],1,[],0.0,0.0,[],set(),{8},11,0.18181818181818182
5f79f34d5a697d0c18b4ade5,3,[7],1,[],0.0,0.0,[],set(),{7},11,0.2727272727272727
5f79f34d5a697d0c18b4ade5,4,[9],1,[],0.0,0.0,[],set(),{9},11,0.36363636363636365
5f79f34d5a697d0c18b4ade5,5,[10],1,[],0.0,0.0,[],set(),{10},11,0.45454545454545453
5f79f34d5a697d0c18b4ade5,6,"[10, 11]",2,[],0.0,0.0,[],set(),"{10, 11}",11,0.5454545454545454
5f79f34d5a697d0c18b4ade5,7,"[11, 12]",2,[],0.0,0.0,[],set(),"{11, 12}",11,0.6363636363636364
5f79f34d5a697d0c18b4ade5,8,"[14, 15, 16]",3,[],0.0,0.0,[],set(),"{16, 14, 15}",11,0.7272727272727273
5f79f34d5a697d0c18b4ade5,9,[13],1,[],0.0,0.0,[],set(),{13},11,0.8181818181818182
5f79f34d5a697d0c18b4ade5,10,[17],1,[],0.0,0.0,[],set(),{17},11,0.9090909090909091
5f79f34d5a697d0c18b4ade5,11,"[18, 19]",2,[],0.0,0.0,[],set(),"{18, 19}",11,1.0
5bfd6f9d7f7968000187f356,1,[10],1,[],0.0,0.0,[],set(),{10},3,0.3333333333333333
5bfd6f9d7f7968000187f356,2,[9],1,[],0.0,0.0,[],set(),{9},3,0.6666666666666666
5bfd6f9d7f7968000187f356,3,"[17, 18, 19]",3,[],0.0,0.0,[],set(),"{17, 18, 19}",3,1.0
5cfaf97eadb3da00013c1eaa,1,[1],1,[],0.0,0.0,[],set(),{1},13,0.07692307692307693
5cfaf97eadb3da00013c1eaa,2,[6],1,[],0.0,0.0,[],set(),{6},13,0.15384615384615385
5cfaf97eadb3da00013c1eaa,3,[3],1,[],0.0,0.0,[],set(),{3},13,0.23076923076923078
5cfaf97eadb3da00013c1eaa,4,"[2, 5]",2,[],0.0,0.0,[],set(),"{2, 5}",13,0.3076923076923077
5cfaf97eadb3da00013c1eaa,5,[7],1,[],0.0,0.0,[],set(),{7},13,0.38461538461538464
5cfaf97eadb3da00013c1eaa,6,"[8, 13]",2,[],0.0,0.0,[],set(),"{8, 13}",13,0.46153846153846156
5cfaf97eadb3da00013c1eaa,7,[8],1,[],0.0,0.0,[],set(),{8},13,0.5384615384615384
5cfaf97eadb3da00013c1eaa,8,"[9, 11, 12]",3,[],0.0,0.0,[],set(),"{9, 11, 12}",13,0.6153846153846154
5cfaf97eadb3da00013c1eaa,9,"[14, 15]",2,[],0.0,0.0,[],set(),"{14, 15}",13,0.6923076923076923
5cfaf97eadb3da00013c1eaa,10,[16],1,[],0.0,0.0,[],set(),{16},13,0.7692307692307693
5cfaf97eadb3da00013c1eaa,11,[17],1,[],0.0,0.0,[],set(),{17},13,0.8461538461538461
5cfaf97eadb3da00013c1eaa,12,"[18, 19]",2,[],0.0,0.0,[],set(),"{18, 19}",13,0.9230769230769231
5cfaf97eadb3da00013c1eaa,13,[19],1,[],0.0,0.0,[],set(),{19},13,1.0
6130db53a8123c2c3700f988,1,"[2, 3, 5]",3,[],0.0,0.0,[],set(),"{2, 3, 5}",15,0.06666666666666667
6130db53a8123c2c3700f988,2,[1],1,[],0.0,0.0,[],set(),{1},15,0.13333333333333333
6130db53a8123c2c3700f988,3,[4],1,[],0.0,0.0,[],set(),{4},15,0.2
6130db53a8123c2c3700f988,4,[6],1,[],0.0,0.0,[],set(),{6},15,0.26666666666666666
6130db53a8123c2c3700f988,5,"[2, 3, 5, 6]",4,[],0.0,0.0,[],set(),"{2, 3, 5, 6}",15,0.3333333333333333
6130db53a8123c2c3700f988,6,"[6, 9, 10, 11]",4,[],0.0,0.0,[],set(),"{9, 10, 11, 6}",15,0.4
6130db53a8123c2c3700f988,7,[7],1,[],0.0,0.0,[],set(),{7},15,0.4666666666666667
6130db53a8123c2c3700f988,8,"[7, 8]",2,[],0.0,0.0,[],set(),"{8, 7}",15,0.5333333333333333
6130db53a8123c2c3700f988,9,[9],1,[],0.0,0.0,[],set(),{9},15,0.6
6130db53a8123c2c3700f988,10,"[9, 10]",2,[],0.0,0.0,[],set(),"{9, 10}",15,0.6666666666666666
6130db53a8123c2c3700f988,11,[11],1,[],0.0,0.0,[],set(),{11},15,0.7333333333333333
6130db53a8123c2c3700f988,12,"[11, 12]",2,[],0.0,0.0,[],set(),"{11, 12}",15,0.8
6130db53a8123c2c3700f988,13,"[10, 11]",2,[],0.0,0.0,[],set(),"{10, 11}",15,0.8666666666666667
6130db53a8123c2c3700f988,14,"[14, 15, 16]",3,[],0.0,0.0,[],set(),"{16, 14, 15}",15,0.9333333333333333
6130db53a8123c2c3700f988,15,[16],1,[],0.0,0.0,[],set(),{16},15,1.0
5ea806dea2d63e011f551ef6,1,"[1, 6]",2,[],0.0,0.0,[],set(),"{1, 6}",7,0.14285714285714285
5ea806dea2d63e011f551ef6,2,[7],1,[],0.0,0.0,[],set(),{7},7,0.2857142857142857
5ea806dea2d63e011f551ef6,3,[8],1,[],0.0,0.0,[],set(),{8},7,0.42857142857142855
5ea806dea2d63e011f551ef6,4,"[9, 11]",2,[],0.0,0.0,[],set(),"{9, 11}",7,0.5714285714285714
5ea806dea2d63e011f551ef6,5,"[14, 16]",2,[],0.0,0.0,[],set(),"{16, 14}",7,0.7142857142857143
5ea806dea2d63e011f551ef6,6,[17],1,[],0.0,0.0,[],set(),{17},7,0.8571428571428571
5ea806dea2d63e011f551ef6,7,"[18, 19]",2,[],0.0,0.0,[],set(),"{18, 19}",7,1.0
5ac0eabce1546900019bd744,1,[6],1,[],0.0,0.0,[],set(),{6},10,0.1
5ac0eabce1546900019bd744,2,[7],1,[],0.0,0.0,[],set(),{7},10,0.2
5ac0eabce1546900019bd744,3,[9],1,[],0.0,0.0,[],set(),{9},10,0.3
5ac0eabce1546900019bd744,4,[10],1,[],0.0,0.0,[],set(),{10},10,0.4
5ac0eabce1546900019bd744,5,[11],1,[],0.0,0.0,[],set(),{11},10,0.5
5ac0eabce1546900019bd744,6,[12],1,[],0.0,0.0,[],set(),{12},10,0.6
5ac0eabce1546900019bd744,7,"[14, 15]",2,[],0.0,0.0,[],set(),"{14, 15}",10,0.7
5ac0eabce1546900019bd744,8,[16],1,[],0.0,0.0,[],set(),{16},10,0.8
5ac0eabce1546900019bd744,9,[17],1,[],0.0,0.0,[],set(),{17},10,0.9
5ac0eabce1546900019bd744,10,"[18, 19]",2,[],0.0,0.0,[],set(),"{18, 19}",10,1.0
607be962688dfb9c1aea6cba,1,[1],1,[],0.0,0.0,[],set(),{1},9,0.1111111111111111
607be962688dfb9c1aea6cba,2,"[2, 3, 5]",3,[],0.0,0.0,[],set(),"{2, 3, 5}",9,0.2222222222222222
607be962688dfb9c1aea6cba,3,[6],1,[],0.0,0.0,[],set(),{6},9,0.3333333333333333
607be962688dfb9c1aea6cba,4,[7],1,[],0.0,0.0,[],set(),{7},9,0.4444444444444444
607be962688dfb9c1aea6cba,5,"[9, 11]",2,[],0.0,0.0,[],set(),"{9, 11}",9,0.5555555555555556
607be962688dfb9c1aea6cba,6,"[8, 9, 10, 12]",4,[],0.0,0.0,[],set(),"{8, 9, 10, 12}",9,0.6666666666666666
607be962688dfb9c1aea6cba,7,"[14, 15, 16]",3,[],0.0,0.0,[],set(),"{16, 14, 15}",9,0.7777777777777778
607be962688dfb9c1aea6cba,8,"[17, 18]",2,[],0.0,0.0,[],set(),"{17, 18}",9,0.8888888888888888
607be962688dfb9c1aea6cba,9,[19],1,[],0.0,0.0,[],set(),{19},9,1.0
6055fdee1debaae78b980e6b,1,[1],1,[],0.0,0.0,[],set(),{1},11,0.09090909090909091
6055fdee1debaae78b980e6b,2,"[2, 4, 5]",3,[],0.0,0.0,[],set(),"{2, 4, 5}",11,0.18181818181818182
6055fdee1debaae78b980e6b,3,[6],1,[],0.0,0.0,[],set(),{6},11,0.2727272727272727
6055fdee1debaae78b980e6b,4,"[3, 6, 7]",3,[],0.0,0.0,[],set(),"{3, 6, 7}",11,0.36363636363636365
6055fdee1debaae78b980e6b,5,[7],1,[],0.0,0.0,[],set(),{7},11,0.45454545454545453
6055fdee1debaae78b980e6b,6,"[9, 11, 12, 16]",4,[],0.0,0.0,[],set(),"{16, 9, 11, 12}",11,0.5454545454545454
6055fdee1debaae78b980e6b,7,[14],1,[],0.0,0.0,[],set(),{14},11,0.6363636363636364
6055fdee1debaae78b980e6b,8,"[14, 15]",2,[],0.0,0.0,[],set(),"{14, 15}",11,0.7272727272727273
6055fdee1debaae78b980e6b,9,[17],1,[],0.0,0.0,[],set(),{17},11,0.8181818181818182
6055fdee1debaae78b980e6b,10,"[18, 19]",2,[],0.0,0.0,[],set(),"{18, 19}",11,0.9090909090909091
6055fdee1debaae78b980e6b,11,[19],1,[],0.0,0.0,[],set(),{19},11,1.0
5e5d32f95e8b3302eaa16ca3,1,[1],1,[],0.0,0.0,[],set(),{1},7,0.14285714285714285
5e5d32f95e8b3302eaa16ca3,2,"[2, 5]",2,[],0.0,0.0,[],set(),"{2, 5}",7,0.2857142857142857
5e5d32f95e8b3302eaa16ca3,3,"[2, 5]",2,[],0.0,0.0,[],set(),"{2, 5}",7,0.42857142857142855
5e5d32f95e8b3302eaa16ca3,4,[4],1,[],0.0,0.0,[],set(),{4},7,0.5714285714285714
5e5d32f95e8b3302eaa16ca3,5,[8],1,[],0.0,0.0,[],set(),{8},7,0.7142857142857143
5e5d32f95e8b3302eaa16ca3,6,"[9, 10, 11, 12, 16]",5,[],0.0,0.0,[],set(),"{16, 9, 10, 11, 12}",7,0.8571428571428571
5e5d32f95e8b3302eaa16ca3,7,"[14, 15]",2,[],0.0,0.0,[],set(),"{14, 15}",7,1.0
5afde9de3eb22c00019bb6e3,1,"[2, 5]",2,[],0.0,0.0,[],set(),"{2, 5}",11,0.09090909090909091
5afde9de3eb22c00019bb6e3,2,[1],1,[],0.0,0.0,[],set(),{1},11,0.18181818181818182
5afde9de3eb22c00019bb6e3,3,[4],1,[],0.0,0.0,[],set(),{4},11,0.2727272727272727
5afde9de3eb22c00019bb6e3,4,[4],1,[],0.0,0.0,[],set(),{4},11,0.36363636363636365
5afde9de3eb22c00019bb6e3,5,[6],1,[],0.0,0.0,[],set(),{6},11,0.45454545454545453
5afde9de3eb22c00019bb6e3,6,[7],1,[],0.0,0.0,[],set(),{7},11,0.5454545454545454
5afde9de3eb22c00019bb6e3,7,[8],1,[],0.0,0.0,[],set(),{8},11,0.6363636363636364
5afde9de3eb22c00019bb6e3,8,"[9, 10, 11]",3,[],0.0,0.0,[],set(),"{9, 10, 11}",11,0.7272727272727273
5afde9de3eb22c00019bb6e3,9,"[14, 15]",2,[],0.0,0.0,[],set(),"{14, 15}",11,0.8181818181818182
5afde9de3eb22c00019bb6e3,10,[17],1,[],0.0,0.0,[],set(),{17},11,0.9090909090909091
5afde9de3eb22c00019bb6e3,11,"[18, 19]",2,[],0.0,0.0,[],set(),"{18, 19}",11,1.0
628e3b1df14fee48e3b118b8,1,[1],1,[],0.0,0.0,[],set(),{1},9,0.1111111111111111
628e3b1df14fee48e3b118b8,2,[1],1,[],0.0,0.0,[],set(),{1},9,0.2222222222222222
628e3b1df14fee48e3b118b8,3,"[2, 5]",2,[],0.0,0.0,[],set(),"{2, 5}",9,0.3333333333333333
628e3b1df14fee48e3b118b8,4,[3],1,[],0.0,0.0,[],set(),{3},9,0.4444444444444444
628e3b1df14fee48e3b118b8,5,[4],1,[],0.0,0.0,[],set(),{4},9,0.5555555555555556
628e3b1df14fee48e3b118b8,6,[4],1,[],0.0,0.0,[],set(),{4},9,0.6666666666666666
628e3b1df14fee48e3b118b8,7,"[5, 7, 13]",3,[],0.0,0.0,[],set(),"{5, 13, 7}",9,0.7777777777777778
628e3b1df14fee48e3b118b8,8,[],0,[],0.0,0.0,[],set(),set(),9,0.8888888888888888
628e3b1df14fee48e3b118b8,9,[9],1,[],0.0,0.0,[],set(),{9},9,1.0
5c48ec8ac8769800019362d4,1,[],0,[],0.0,0.0,[],set(),set(),9,0.1111111111111111
5c48ec8ac8769800019362d4,2,[4],1,[],0.0,0.0,[],set(),{4},9,0.2222222222222222
5c48ec8ac8769800019362d4,3,"[7, 13]",2,[],0.0,0.0,[],set(),"{13, 7}",9,0.3333333333333333
5c48ec8ac8769800019362d4,4,"[9, 11, 15, 16]",4,[],0.0,0.0,[],set(),"{16, 9, 11, 15}",9,0.4444444444444444
5c48ec8ac8769800019362d4,5,[10],1,[],0.0,0.0,[],set(),{10},9,0.5555555555555556
5c48ec8ac8769800019362d4,6,"[7, 10, 13]",3,[],0.0,0.0,[],set(),"{10, 13, 7}",9,0.6666666666666666
5c48ec8ac8769800019362d4,7,[8],1,[],0.0,0.0,[],set(),{8},9,0.7777777777777778
5c48ec8ac8769800019362d4,8,"[9, 11, 16]",3,[],0.0,0.0,[],set(),"{16, 9, 11}",9,0.8888888888888888
5c48ec8ac8769800019362d4,9,"[17, 18, 19]",3,[],0.0,0.0,[],set(),"{17, 18, 19}",9,1.0
63d44d432dba83234be6588c,1,[1],1,[],0.0,0.0,[],set(),{1},7,0.14285714285714285
63d44d432dba83234be6588c,2,"[2, 3, 5]",3,[],0.0,0.0,[],set(),"{2, 3, 5}",7,0.2857142857142857
63d44d432dba83234be6588c,3,[6],1,[],0.0,0.0,[],set(),{6},7,0.42857142857142855
63d44d432dba83234be6588c,4,[7],1,[],0.0,0.0,[],set(),{7},7,0.5714285714285714
63d44d432dba83234be6588c,5,"[9, 11, 12, 14, 15, 16]",6,[],0.0,0.0,[],set(),"{16, 9, 11, 12, 14, 15}",7,0.7142857142857143
63d44d432dba83234be6588c,6,"[9, 10]",2,[],0.0,0.0,[],set(),"{9, 10}",7,0.8571428571428571
63d44d432dba83234be6588c,7,[17],1,[],0.0,0.0,[],set(),{17},7,1.0
60a252db049918aa001fe65a,1,[6],1,[],0.0,0.0,[],set(),{6},6,0.16666666666666666
60a252db049918aa001fe65a,2,"[2, 3, 4, 5]",4,[],0.0,0.0,[],set(),"{2, 3, 4, 5}",6,0.3333333333333333
60a252db049918aa001fe65a,3,[7],1,[],0.0,0.0,[],set(),{7},6,0.5
60a252db049918aa001fe65a,4,[8],1,[],0.0,0.0,[],set(),{8},6,0.6666666666666666
60a252db049918aa001fe65a,5,"[9, 10, 11]",3,[],0.0,0.0,[],set(),"{9, 10, 11}",6,0.8333333333333334
60a252db049918aa001fe65a,6,"[12, 14, 15, 16]",4,[],0.0,0.0,[],set(),"{16, 12, 14, 15}",6,1.0
5c1ca2273728060001b0b056,1,"[2, 3]",2,[],0.0,0.0,[],set(),"{2, 3}",7,0.14285714285714285
5c1ca2273728060001b0b056,2,[7],1,[],0.0,0.0,[],set(),{7},7,0.2857142857142857
5c1ca2273728060001b0b056,3,[7],1,[],0.0,0.0,[],set(),{7},7,0.42857142857142855
5c1ca2273728060001b0b056,4,[9],1,[],0.0,0.0,[],set(),{9},7,0.5714285714285714
5c1ca2273728060001b0b056,5,[10],1,[],0.0,0.0,[],set(),{10},7,0.7142857142857143
5c1ca2273728060001b0b056,6,[10],1,[],0.0,0.0,[],set(),{10},7,0.8571428571428571
5c1ca2273728060001b0b056,7,[10],1,[],0.0,0.0,[],set(),{10},7,1.0
5ffd80c185e28327669b51f5,1,[1],1,[],0.0,0.0,[],set(),{1},6,0.16666666666666666
5ffd80c185e28327669b51f5,2,[1],1,[],0.0,0.0,[],set(),{1},6,0.3333333333333333
5ffd80c185e28327669b51f5,3,"[2, 5]",2,[],0.0,0.0,[],set(),"{2, 5}",6,0.5
5ffd80c185e28327669b51f5,4,[6],1,[],0.0,0.0,[],set(),{6},6,0.6666666666666666
5ffd80c185e28327669b51f5,5,[7],1,[],0.0,0.0,[],set(),{7},6,0.8333333333333334
5ffd80c185e28327669b51f5,6,"[9, 11, 12, 16]",4,[],0.0,0.0,[],set(),"{16, 9, 11, 12}",6,1.0
5f36f1a0cca76a1549baf6dc,1,[1],1,[],0.0,0.0,[],set(),{1},9,0.1111111111111111
5f36f1a0cca76a1549baf6dc,2,"[2, 3, 5, 6]",4,[],0.0,0.0,[],set(),"{2, 3, 5, 6}",9,0.2222222222222222
5f36f1a0cca76a1549baf6dc,3,[4],1,[],0.0,0.0,[],set(),{4},9,0.3333333333333333
5f36f1a0cca76a1549baf6dc,4,[7],1,[],0.0,0.0,[],set(),{7},9,0.4444444444444444
5f36f1a0cca76a1549baf6dc,5,[10],1,[],0.0,0.0,[],set(),{10},9,0.5555555555555556
5f36f1a0cca76a1549baf6dc,6,[8],1,[],0.0,0.0,[],set(),{8},9,0.6666666666666666
5f36f1a0cca76a1549baf6dc,7,"[9, 11, 12]",3,[],0.0,0.0,[],set(),"{9, 11, 12}",9,0.7777777777777778
5f36f1a0cca76a1549baf6dc,8,"[9, 11, 12]",3,[],0.0,0.0,[],set(),"{9, 11, 12}",9,0.8888888888888888
5f36f1a0cca76a1549baf6dc,9,"[14, 15, 16]",3,[],0.0,0.0,[],set(),"{16, 14, 15}",9,1.0
5f7366fe5b5261081e3d6fb8,1,[1],1,[],0.0,0.0,[],set(),{1},9,0.1111111111111111
5f7366fe5b5261081e3d6fb8,2,"[2, 5]",2,[],0.0,0.0,[],set(),"{2, 5}",9,0.2222222222222222
5f7366fe5b5261081e3d6fb8,3,[6],1,[],0.0,0.0,[],set(),{6},9,0.3333333333333333
5f7366fe5b5261081e3d6fb8,4,[8],1,[],0.0,0.0,[],set(),{8},9,0.4444444444444444
5f7366fe5b5261081e3d6fb8,5,"[9, 10]",2,[],0.0,0.0,[],set(),"{9, 10}",9,0.5555555555555556
5f7366fe5b5261081e3d6fb8,6,[10],1,[],0.0,0.0,[],set(),{10},9,0.6666666666666666
5f7366fe5b5261081e3d6fb8,7,"[11, 12]",2,[],0.0,0.0,[],set(),"{11, 12}",9,0.7777777777777778
5f7366fe5b5261081e3d6fb8,8,"[17, 18]",2,[],0.0,0.0,[],set(),"{17, 18}",9,0.8888888888888888
5f7366fe5b5261081e3d6fb8,9,[19],1,[],0.0,0.0,[],set(),{19},9,1.0
6483af9cf2649ac140c92859,1,[],0,[],0.0,0.0,[],set(),set(),1,1.0
5d11cf66e555d5001ac10ceb,1,[6],1,[],0.0,0.0,[],set(),{6},9,0.1111111111111111
5d11cf66e555d5001ac10ceb,2,[7],1,[],0.0,0.0,[],set(),{7},9,0.2222222222222222
5d11cf66e555d5001ac10ceb,3,[16],1,[],0.0,0.0,[],set(),{16},9,0.3333333333333333
5d11cf66e555d5001ac10ceb,4,[11],1,[],0.0,0.0,[],set(),{11},9,0.4444444444444444
5d11cf66e555d5001ac10ceb,5,"[9, 10]",2,[],0.0,0.0,[],set(),"{9, 10}",9,0.5555555555555556
5d11cf66e555d5001ac10ceb,6,[17],1,[],0.0,0.0,[],set(),{17},9,0.6666666666666666
5d11cf66e555d5001ac10ceb,7,[17],1,[],0.0,0.0,[],set(),{17},9,0.7777777777777778
5d11cf66e555d5001ac10ceb,8,[18],1,[],0.0,0.0,[],set(),{18},9,0.8888888888888888
5d11cf66e555d5001ac10ceb,9,[19],1,[],0.0,0.0,[],set(),{19},9,1.0
60e845f301f5a5901200baf4,1,"[1, 14, 15]",3,[],0.0,0.0,[],set(),"{1, 14, 15}",10,0.1
60e845f301f5a5901200baf4,2,"[2, 3, 5, 6]",4,[],0.0,0.0,[],set(),"{2, 3, 5, 6}",10,0.2
60e845f301f5a5901200baf4,3,[7],1,[],0.0,0.0,[],set(),{7},10,0.3
60e845f301f5a5901200baf4,4,[7],1,[],0.0,0.0,[],set(),{7},10,0.4
60e845f301f5a5901200baf4,5,[8],1,[],0.0,0.0,[],set(),{8},10,0.5
60e845f301f5a5901200baf4,6,"[9, 10, 11]",3,[],0.0,0.0,[],set(),"{9, 10, 11}",10,0.6
60e845f301f5a5901200baf4,7,"[14, 15, 16]",3,[],0.0,0.0,[],set(),"{16, 14, 15}",10,0.7
60e845f301f5a5901200baf4,8,[17],1,[],0.0,0.0,[],set(),{17},10,0.8
60e845f301f5a5901200baf4,9,"[18, 19]",2,[],0.0,0.0,[],set(),"{18, 19}",10,0.9
60e845f301f5a5901200baf4,10,[19],1,[],0.0,0.0,[],set(),{19},10,1.0
60abcd6f3e5efd9fca235828,1,[1],1,[],0.0,0.0,[],set(),{1},5,0.2
60abcd6f3e5efd9fca235828,2,"[2, 5]",2,[],0.0,0.0,[],set(),"{2, 5}",5,0.4
60abcd6f3e5efd9fca235828,3,[7],1,[],0.0,0.0,[],set(),{7},5,0.6
60abcd6f3e5efd9fca235828,4,[10],1,[],0.0,0.0,[],set(),{10},5,0.8
60abcd6f3e5efd9fca235828,5,"[14, 16]",2,[],0.0,0.0,[],set(),"{16, 14}",5,1.0
60041b89f0b70121fb013c80,1,[1],1,[],0.0,0.0,[],set(),{1},17,0.058823529411764705
60041b89f0b70121fb013c80,2,"[2, 5]",2,[],0.0,0.0,[],set(),"{2, 5}",17,0.11764705882352941
60041b89f0b70121fb013c80,3,[6],1,[],0.0,0.0,[],set(),{6},17,0.17647058823529413
60041b89f0b70121fb013c80,4,[4],1,[],0.0,0.0,[],set(),{4},17,0.23529411764705882
60041b89f0b70121fb013c80,5,[7],1,[],0.0,0.0,[],set(),{7},17,0.29411764705882354
60041b89f0b70121fb013c80,6,[13],1,[],0.0,0.0,[],set(),{13},17,0.35294117647058826
60041b89f0b70121fb013c80,7,[],0,[],0.0,0.0,[],set(),set(),17,0.4117647058823529
60041b89f0b70121fb013c80,8,[8],1,[],0.0,0.0,[],set(),{8},17,0.47058823529411764
60041b89f0b70121fb013c80,9,[9],1,[],0.0,0.0,[],set(),{9},17,0.5294117647058824
60041b89f0b70121fb013c80,10,[10],1,[],0.0,0.0,[],set(),{10},17,0.5882352941176471
60041b89f0b70121fb013c80,11,[10],1,[],0.0,0.0,[],set(),{10},17,0.6470588235294118
60041b89f0b70121fb013c80,12,[11],1,[],0.0,0.0,[],set(),{11},17,0.7058823529411765
60041b89f0b70121fb013c80,13,[14],1,[],0.0,0.0,[],set(),{14},17,0.7647058823529411
60041b89f0b70121fb013c80,14,[16],1,[],0.0,0.0,[],set(),{16},17,0.8235294117647058
60041b89f0b70121fb013c80,15,[13],1,[],0.0,0.0,[],set(),{13},17,0.8823529411764706
60041b89f0b70121fb013c80,16,"[17, 18]",2,[],0.0,0.0,[],set(),"{17, 18}",17,0.9411764705882353
60041b89f0b70121fb013c80,17,[19],1,[],0.0,0.0,[],set(),{19},17,1.0
5f0b196928879b23ce83e097,1,[1],1,[],0.0,0.0,[],set(),{1},9,0.1111111111111111
5f0b196928879b23ce83e097,2,[],0,[],0.0,0.0,[],set(),set(),9,0.2222222222222222
5f0b196928879b23ce83e097,3,"[6, 11, 12]",3,[],0.0,0.0,[],set(),"{11, 12, 6}",9,0.3333333333333333
5f0b196928879b23ce83e097,4,[7],1,[],0.0,0.0,[],set(),{7},9,0.4444444444444444
5f0b196928879b23ce83e097,5,[9],1,[],0.0,0.0,[],set(),{9},9,0.5555555555555556
5f0b196928879b23ce83e097,6,[11],1,[],0.0,0.0,[],set(),{11},9,0.6666666666666666
5f0b196928879b23ce83e097,7,[],0,[],0.0,0.0,[],set(),set(),9,0.7777777777777778
5f0b196928879b23ce83e097,8,[17],1,[],0.0,0.0,[],set(),{17},9,0.8888888888888888
5f0b196928879b23ce83e097,9,"[18, 19]",2,[],0.0,0.0,[],set(),"{18, 19}",9,1.0
606368818e6b621922c84680,1,[1],1,[],0.0,0.0,[],set(),{1},10,0.1
606368818e6b621922c84680,2,"[2, 3, 4, 5]",4,[],0.0,0.0,[],set(),"{2, 3, 4, 5}",10,0.2
606368818e6b621922c84680,3,[7],1,[],0.0,0.0,[],set(),{7},10,0.3
606368818e6b621922c84680,4,[8],1,[],0.0,0.0,[],set(),{8},10,0.4
606368818e6b621922c84680,5,"[9, 11]",2,[],0.0,0.0,[],set(),"{9, 11}",10,0.5
606368818e6b621922c84680,6,"[14, 15]",2,[],0.0,0.0,[],set(),"{14, 15}",10,0.6
606368818e6b621922c84680,7,[16],1,[],0.0,0.0,[],set(),{16},10,0.7
606368818e6b621922c84680,8,[],0,[],0.0,0.0,[],set(),set(),10,0.8
606368818e6b621922c84680,9,[17],1,[],0.0,0.0,[],set(),{17},10,0.9
606368818e6b621922c84680,10,"[18, 19]",2,[],0.0,0.0,[],set(),"{18, 19}",10,1.0
5b74ba4e45975900018d4451,1,[1],1,[],0.0,0.0,[],set(),{1},7,0.14285714285714285
5b74ba4e45975900018d4451,2,[1],1,[],0.0,0.0,[],set(),{1},7,0.2857142857142857
5b74ba4e45975900018d4451,3,[],0,[],0.0,0.0,[],set(),set(),7,0.42857142857142855
5b74ba4e45975900018d4451,4,"[7, 8, 9, 10, 11, 12, 13]",7,[],0.0,0.0,[],set(),"{7, 8, 9, 10, 11, 12, 13}",7,0.5714285714285714
5b74ba4e45975900018d4451,5,"[14, 15, 16]",3,[],0.0,0.0,[],set(),"{16, 14, 15}",7,0.7142857142857143
5b74ba4e45975900018d4451,6,[17],1,[],0.0,0.0,[],set(),{17},7,0.8571428571428571
5b74ba4e45975900018d4451,7,"[18, 19]",2,[],0.0,0.0,[],set(),"{18, 19}",7,1.0
5d5db7f7ca179000180b17cc,1,[1],1,[],0.0,0.0,[],set(),{1},13,0.07692307692307693
5d5db7f7ca179000180b17cc,2,"[2, 5]",2,[],0.0,0.0,[],set(),"{2, 5}",13,0.15384615384615385
5d5db7f7ca179000180b17cc,3,[6],1,[],0.0,0.0,[],set(),{6},13,0.23076923076923078
5d5db7f7ca179000180b17cc,4,"[3, 4, 6, 7, 13]",5,[],0.0,0.0,[],set(),"{3, 4, 6, 7, 13}",13,0.3076923076923077
5d5db7f7ca179000180b17cc,5,[7],1,[],0.0,0.0,[],set(),{7},13,0.38461538461538464
5d5db7f7ca179000180b17cc,6,[8],1,[],0.0,0.0,[],set(),{8},13,0.46153846153846156
5d5db7f7ca179000180b17cc,7,"[9, 11]",2,[],0.0,0.0,[],set(),"{9, 11}",13,0.5384615384615384
5d5db7f7ca179000180b17cc,8,[9],1,[],0.0,0.0,[],set(),{9},13,0.6153846153846154
5d5db7f7ca179000180b17cc,9,[10],1,[],0.0,0.0,[],set(),{10},13,0.6923076923076923
5d5db7f7ca179000180b17cc,10,[11],1,[],0.0,0.0,[],set(),{11},13,0.7692307692307693
5d5db7f7ca179000180b17cc,11,"[14, 15, 16]",3,[],0.0,0.0,[],set(),"{16, 14, 15}",13,0.8461538461538461
5d5db7f7ca179000180b17cc,12,"[17, 18]",2,[],0.0,0.0,[],set(),"{17, 18}",13,0.9230769230769231
5d5db7f7ca179000180b17cc,13,[19],1,[],0.0,0.0,[],set(),{19},13,1.0
5b44292f99da270001bd3f53,1,[1],1,[],0.0,0.0,[],set(),{1},5,0.2
5b44292f99da270001bd3f53,2,"[2, 3, 5]",3,[],0.0,0.0,[],set(),"{2, 3, 5}",5,0.4
5b44292f99da270001bd3f53,3,[7],1,[],0.0,0.0,[],set(),{7},5,0.6
5b44292f99da270001bd3f53,4,"[9, 16]",2,[],0.0,0.0,[],set(),"{16, 9}",5,0.8
5b44292f99da270001bd3f53,5,[10],1,[],0.0,0.0,[],set(),{10},5,1.0
63eff3ac389f8a4106938c59,1,[1],1,[],0.0,0.0,[],set(),{1},17,0.058823529411764705
63eff3ac389f8a4106938c59,2,"[2, 5]",2,[],0.0,0.0,[],set(),"{2, 5}",17,0.11764705882352941
63eff3ac389f8a4106938c59,3,[4],1,[],0.0,0.0,[],set(),{4},17,0.17647058823529413
63eff3ac389f8a4106938c59,4,[6],1,[],0.0,0.0,[],set(),{6},17,0.23529411764705882
63eff3ac389f8a4106938c59,5,[6],1,[],0.0,0.0,[],set(),{6},17,0.29411764705882354
63eff3ac389f8a4106938c59,6,[6],1,[],0.0,0.0,[],set(),{6},17,0.35294117647058826
63eff3ac389f8a4106938c59,7,[],0,[],0.0,0.0,[],set(),set(),17,0.4117647058823529
63eff3ac389f8a4106938c59,8,[7],1,[],0.0,0.0,[],set(),{7},17,0.47058823529411764
63eff3ac389f8a4106938c59,9,[8],1,[],0.0,0.0,[],set(),{8},17,0.5294117647058824
63eff3ac389f8a4106938c59,10,"[9, 11]",2,[],0.0,0.0,[],set(),"{9, 11}",17,0.5882352941176471
63eff3ac389f8a4106938c59,11,[10],1,[],0.0,0.0,[],set(),{10},17,0.6470588235294118
63eff3ac389f8a4106938c59,12,[13],1,[],0.0,0.0,[],set(),{13},17,0.7058823529411765
63eff3ac389f8a4106938c59,13,"[14, 15]",2,[],0.0,0.0,[],set(),"{14, 15}",17,0.7647058823529411
63eff3ac389f8a4106938c59,14,[16],1,[],0.0,0.0,[],set(),{16},17,0.8235294117647058
63eff3ac389f8a4106938c59,15,[17],1,[],0.0,0.0,[],set(),{17},17,0.8823529411764706
63eff3ac389f8a4106938c59,16,[],0,[],0.0,0.0,[],set(),set(),17,0.9411764705882353
63eff3ac389f8a4106938c59,17,"[18, 19]",2,[],0.0,0.0,[],set(),"{18, 19}",17,1.0
5fcf9c90465b1c09b44e6588,1,[1],1,[],0.0,0.0,[],set(),{1},19,0.05263157894736842
5fcf9c90465b1c09b44e6588,2,[5],1,[],0.0,0.0,[],set(),{5},19,0.10526315789473684
5fcf9c90465b1c09b44e6588,3,[1],1,[],0.0,0.0,[],set(),{1},19,0.15789473684210525
5fcf9c90465b1c09b44e6588,4,[4],1,[],0.0,0.0,[],set(),{4},19,0.21052631578947367
5fcf9c90465b1c09b44e6588,5,"[2, 5]",2,[],0.0,0.0,[],set(),"{2, 5}",19,0.2631578947368421
5fcf9c90465b1c09b44e6588,6,[6],1,[],0.0,0.0,[],set(),{6},19,0.3157894736842105
5fcf9c90465b1c09b44e6588,7,[6],1,[],0.0,0.0,[],set(),{6},19,0.3684210526315789
5fcf9c90465b1c09b44e6588,8,[6],1,[],0.0,0.0,[],set(),{6},19,0.42105263157894735
5fcf9c90465b1c09b44e6588,9,[6],1,[],0.0,0.0,[],set(),{6},19,0.47368421052631576
5fcf9c90465b1c09b44e6588,10,"[2, 5]",2,[],0.0,0.0,[],set(),"{2, 5}",19,0.5263157894736842
5fcf9c90465b1c09b44e6588,11,[7],1,[],0.0,0.0,[],set(),{7},19,0.5789473684210527
5fcf9c90465b1c09b44e6588,12,[8],1,[],0.0,0.0,[],set(),{8},19,0.631578947368421
5fcf9c90465b1c09b44e6588,13,"[9, 11]",2,[],0.0,0.0,[],set(),"{9, 11}",19,0.6842105263157895
5fcf9c90465b1c09b44e6588,14,"[9, 11, 12, 16]",4,[],0.0,0.0,[],set(),"{16, 9, 11, 12}",19,0.7368421052631579
5fcf9c90465b1c09b44e6588,15,"[14, 15]",2,[],0.0,0.0,[],set(),"{14, 15}",19,0.7894736842105263
5fcf9c90465b1c09b44e6588,16,[17],1,[],0.0,0.0,[],set(),{17},19,0.8421052631578947
5fcf9c90465b1c09b44e6588,17,[],0,[],0.0,0.0,[],set(),set(),19,0.8947368421052632
5fcf9c90465b1c09b44e6588,18,[18],1,[],0.0,0.0,[],set(),{18},19,0.9473684210526315
5fcf9c90465b1c09b44e6588,19,[19],1,[],0.0,0.0,[],set(),{19},19,1.0
5ccf2b4eafa2f60016c2e726,1,[],0,[],0.0,0.0,[],set(),set(),1,1.0
5f776804a5ab6f298bf495a2,1,[1],1,[],0.0,0.0,[],set(),{1},8,0.125
5f776804a5ab6f298bf495a2,2,[1],1,[],0.0,0.0,[],set(),{1},8,0.25
5f776804a5ab6f298bf495a2,3,"[6, 7]",2,[],0.0,0.0,[],set(),"{6, 7}",8,0.375
5f776804a5ab6f298bf495a2,4,"[2, 3, 5]",3,[],0.0,0.0,[],set(),"{2, 3, 5}",8,0.5
5f776804a5ab6f298bf495a2,5,[],0,[],0.0,0.0,[],set(),set(),8,0.625
5f776804a5ab6f298bf495a2,6,"[14, 15]",2,[],0.0,0.0,[],set(),"{14, 15}",8,0.75
5f776804a5ab6f298bf495a2,7,"[14, 15, 16]",3,[],0.0,0.0,[],set(),"{16, 14, 15}",8,0.875
5f776804a5ab6f298bf495a2,8,"[8, 9, 10, 11, 12, 13]",6,[],0.0,0.0,[],set(),"{8, 9, 10, 11, 12, 13}",8,1.0
5acb92e9e1099600016ad073,1,[6],1,[],0.0,0.0,[],set(),{6},6,0.16666666666666666
5acb92e9e1099600016ad073,2,[7],1,[],0.0,0.0,[],set(),{7},6,0.3333333333333333
5acb92e9e1099600016ad073,3,"[7, 8]",2,[],0.0,0.0,[],set(),"{8, 7}",6,0.5
5acb92e9e1099600016ad073,4,"[9, 10]",2,[],0.0,0.0,[],set(),"{9, 10}",6,0.6666666666666666
5acb92e9e1099600016ad073,5,"[14, 15, 16]",3,[],0.0,0.0,[],set(),"{16, 14, 15}",6,0.8333333333333334
5acb92e9e1099600016ad073,6,"[17, 18, 19]",3,[],0.0,0.0,[],set(),"{17, 18, 19}",6,1.0
5983d65a5f25e900012642a6,1,[1],1,[],0.0,0.0,[],set(),{1},6,0.16666666666666666
5983d65a5f25e900012642a6,2,"[4, 6]",2,[],0.0,0.0,[],set(),"{4, 6}",6,0.3333333333333333
5983d65a5f25e900012642a6,3,[7],1,[],0.0,0.0,[],set(),{7},6,0.5
5983d65a5f25e900012642a6,4,"[9, 10]",2,[],0.0,0.0,[],set(),"{9, 10}",6,0.6666666666666666
5983d65a5f25e900012642a6,5,"[14, 15, 16]",3,[],0.0,0.0,[],set(),"{16, 14, 15}",6,0.8333333333333334
5983d65a5f25e900012642a6,6,"[17, 18, 19]",3,[],0.0,0.0,[],set(),"{17, 18, 19}",6,1.0
60fd25fde23a5230697fcead,1,[],0,[],0.0,0.0,[],set(),set(),14,0.07142857142857142
60fd25fde23a5230697fcead,2,[1],1,[],0.0,0.0,[],set(),{1},14,0.14285714285714285
60fd25fde23a5230697fcead,3,"[2, 3, 5]",3,[],0.0,0.0,[],set(),"{2, 3, 5}",14,0.21428571428571427
60fd25fde23a5230697fcead,4,[],0,[],0.0,0.0,[],set(),set(),14,0.2857142857142857
60fd25fde23a5230697fcead,5,"[4, 5]",2,[],0.0,0.0,[],set(),"{4, 5}",14,0.35714285714285715
60fd25fde23a5230697fcead,6,[6],1,[],0.0,0.0,[],set(),{6},14,0.42857142857142855
60fd25fde23a5230697fcead,7,"[7, 8]",2,[],0.0,0.0,[],set(),"{8, 7}",14,0.5
60fd25fde23a5230697fcead,8,[9],1,[],0.0,0.0,[],set(),{9},14,0.5714285714285714
60fd25fde23a5230697fcead,9,"[9, 10]",2,[],0.0,0.0,[],set(),"{9, 10}",14,0.6428571428571429
60fd25fde23a5230697fcead,10,[10],1,[],0.0,0.0,[],set(),{10},14,0.7142857142857143
60fd25fde23a5230697fcead,11,"[14, 15]",2,[],0.0,0.0,[],set(),"{14, 15}",14,0.7857142857142857
60fd25fde23a5230697fcead,12,[16],1,[],0.0,0.0,[],set(),{16},14,0.8571428571428571
60fd25fde23a5230697fcead,13,[],0,[],0.0,0.0,[],set(),set(),14,0.9285714285714286
60fd25fde23a5230697fcead,14,"[17, 18, 19]",3,[],0.0,0.0,[],set(),"{17, 18, 19}",14,1.0
605faf46917bfbfb48dcb05a,1,[1],1,[],0.0,0.0,[],set(),{1},6,0.16666666666666666
605faf46917bfbfb48dcb05a,2,"[7, 8, 9, 10, 11, 13]",6,[],0.0,0.0,[],set(),"{7, 8, 9, 10, 11, 13}",6,0.3333333333333333
605faf46917bfbfb48dcb05a,3,"[14, 15, 16]",3,[],0.0,0.0,[],set(),"{16, 14, 15}",6,0.5
605faf46917bfbfb48dcb05a,4,[16],1,[],0.0,0.0,[],set(),{16},6,0.6666666666666666
605faf46917bfbfb48dcb05a,5,[17],1,[],0.0,0.0,[],set(),{17},6,0.8333333333333334
605faf46917bfbfb48dcb05a,6,"[18, 19]",2,[],0.0,0.0,[],set(),"{18, 19}",6,1.0
5f4a33e6d0e4f9031cdc7428,1,"[1, 2, 5]",3,[],0.0,0.0,[],set(),"{1, 2, 5}",13,0.07692307692307693
5f4a33e6d0e4f9031cdc7428,2,[6],1,[],0.0,0.0,[],set(),{6},13,0.15384615384615385
5f4a33e6d0e4f9031cdc7428,3,[4],1,[],0.0,0.0,[],set(),{4},13,0.23076923076923078
5f4a33e6d0e4f9031cdc7428,4,"[6, 13]",2,[],0.0,0.0,[],set(),"{13, 6}",13,0.3076923076923077
5f4a33e6d0e4f9031cdc7428,5,"[6, 13]",2,[],0.0,0.0,[],set(),"{13, 6}",13,0.38461538461538464
5f4a33e6d0e4f9031cdc7428,6,[7],1,[],0.0,0.0,[],set(),{7},13,0.46153846153846156
5f4a33e6d0e4f9031cdc7428,7,[9],1,[],0.0,0.0,[],set(),{9},13,0.5384615384615384
5f4a33e6d0e4f9031cdc7428,8,[10],1,[],0.0,0.0,[],set(),{10},13,0.6153846153846154
5f4a33e6d0e4f9031cdc7428,9,"[14, 16]",2,[],0.0,0.0,[],set(),"{16, 14}",13,0.6923076923076923
5f4a33e6d0e4f9031cdc7428,10,[17],1,[],0.0,0.0,[],set(),{17},13,0.7692307692307693
5f4a33e6d0e4f9031cdc7428,11,[17],1,[],0.0,0.0,[],set(),{17},13,0.8461538461538461
5f4a33e6d0e4f9031cdc7428,12,[18],1,[],0.0,0.0,[],set(),{18},13,0.9230769230769231
5f4a33e6d0e4f9031cdc7428,13,[19],1,[],0.0,0.0,[],set(),{19},13,1.0
60120be28d147221feddc4d5,1,[1],1,[],0.0,0.0,[],set(),{1},9,0.1111111111111111
60120be28d147221feddc4d5,2,"[2, 3, 5]",3,[],0.0,0.0,[],set(),"{2, 3, 5}",9,0.2222222222222222
60120be28d147221feddc4d5,3,[6],1,[],0.0,0.0,[],set(),{6},9,0.3333333333333333
60120be28d147221feddc4d5,4,[7],1,[],0.0,0.0,[],set(),{7},9,0.4444444444444444
60120be28d147221feddc4d5,5,"[2, 3, 5]",3,[],0.0,0.0,[],set(),"{2, 3, 5}",9,0.5555555555555556
60120be28d147221feddc4d5,6,[7],1,[],0.0,0.0,[],set(),{7},9,0.6666666666666666
60120be28d147221feddc4d5,7,"[8, 13]",2,[],0.0,0.0,[],set(),"{8, 13}",9,0.7777777777777778
60120be28d147221feddc4d5,8,[17],1,[],0.0,0.0,[],set(),{17},9,0.8888888888888888
60120be28d147221feddc4d5,9,[19],1,[],0.0,0.0,[],set(),{19},9,1.0
5bcf6fee56885200013225a6,1,[1],1,[],0.0,0.0,[],set(),{1},13,0.07692307692307693
5bcf6fee56885200013225a6,2,[1],1,[],0.0,0.0,[],set(),{1},13,0.15384615384615385
5bcf6fee56885200013225a6,3,[6],1,[],0.0,0.0,[],set(),{6},13,0.23076923076923078
5bcf6fee56885200013225a6,4,"[2, 3, 4, 5]",4,[],0.0,0.0,[],set(),"{2, 3, 4, 5}",13,0.3076923076923077
5bcf6fee56885200013225a6,5,[6],1,[],0.0,0.0,[],set(),{6},13,0.38461538461538464
5bcf6fee56885200013225a6,6,[6],1,[],0.0,0.0,[],set(),{6},13,0.46153846153846156
5bcf6fee56885200013225a6,7,[7],1,[],0.0,0.0,[],set(),{7},13,0.5384615384615384
5bcf6fee56885200013225a6,8,[8],1,[],0.0,0.0,[],set(),{8},13,0.6153846153846154
5bcf6fee56885200013225a6,9,"[9, 10]",2,[],0.0,0.0,[],set(),"{9, 10}",13,0.6923076923076923
5bcf6fee56885200013225a6,10,[11],1,[],0.0,0.0,[],set(),{11},13,0.7692307692307693
5bcf6fee56885200013225a6,11,"[14, 15, 16]",3,[],0.0,0.0,[],set(),"{16, 14, 15}",13,0.8461538461538461
5bcf6fee56885200013225a6,12,[17],1,[],0.0,0.0,[],set(),{17},13,0.9230769230769231
5bcf6fee56885200013225a6,13,"[18, 19]",2,[],0.0,0.0,[],set(),"{18, 19}",13,1.0
58cb30568460040001e1e8bc,1,"[4, 5, 6]",3,[],0.0,0.0,[],set(),"{4, 5, 6}",5,0.2
58cb30568460040001e1e8bc,2,[14],1,[],0.0,0.0,[],set(),{14},5,0.4
58cb30568460040001e1e8bc,3,"[7, 8]",2,[],0.0,0.0,[],set(),"{8, 7}",5,0.6
58cb30568460040001e1e8bc,4,"[9, 11, 16]",3,[],0.0,0.0,[],set(),"{16, 9, 11}",5,0.8
58cb30568460040001e1e8bc,5,"[17, 18, 19]",3,[],0.0,0.0,[],set(),"{17, 18, 19}",5,1.0
5ceef0cd45c1ec001920d548,1,"[2, 5]",2,[],0.0,0.0,[],set(),"{2, 5}",3,0.3333333333333333
5ceef0cd45c1ec001920d548,2,"[6, 7]",2,[],0.0,0.0,[],set(),"{6, 7}",3,0.6666666666666666
5ceef0cd45c1ec001920d548,3,[19],1,[],0.0,0.0,[],set(),{19},3,1.0
597631e5082c9e000150dc26,1,"[1, 2, 3]",3,[],0.0,0.0,[],set(),"{1, 2, 3}",9,0.1111111111111111
597631e5082c9e000150dc26,2,[4],1,[],0.0,0.0,[],set(),{4},9,0.2222222222222222
597631e5082c9e000150dc26,3,[7],1,[],0.0,0.0,[],set(),{7},9,0.3333333333333333
597631e5082c9e000150dc26,4,[8],1,[],0.0,0.0,[],set(),{8},9,0.4444444444444444
597631e5082c9e000150dc26,5,"[9, 10]",2,[],0.0,0.0,[],set(),"{9, 10}",9,0.5555555555555556
597631e5082c9e000150dc26,6,"[11, 12, 16]",3,[],0.0,0.0,[],set(),"{16, 11, 12}",9,0.6666666666666666
597631e5082c9e000150dc26,7,[],0,[],0.0,0.0,[],set(),set(),9,0.7777777777777778
597631e5082c9e000150dc26,8,"[14, 17, 18]",3,[],0.0,0.0,[],set(),"{17, 18, 14}",9,0.8888888888888888
597631e5082c9e000150dc26,9,[19],1,[],0.0,0.0,[],set(),{19},9,1.0
5d95fc8c7f79070017f92e93,1,[1],1,[],0.0,0.0,[],set(),{1},17,0.058823529411764705
5d95fc8c7f79070017f92e93,2,[1],1,[],0.0,0.0,[],set(),{1},17,0.11764705882352941
5d95fc8c7f79070017f92e93,3,"[2, 5]",2,[],0.0,0.0,[],set(),"{2, 5}",17,0.17647058823529413
5d95fc8c7f79070017f92e93,4,"[2, 5]",2,[],0.0,0.0,[],set(),"{2, 5}",17,0.23529411764705882
5d95fc8c7f79070017f92e93,5,[6],1,[],0.0,0.0,[],set(),{6},17,0.29411764705882354
5d95fc8c7f79070017f92e93,6,[6],1,[],0.0,0.0,[],set(),{6},17,0.35294117647058826
5d95fc8c7f79070017f92e93,7,[7],1,[],0.0,0.0,[],set(),{7},17,0.4117647058823529
5d95fc8c7f79070017f92e93,8,[7],1,[],0.0,0.0,[],set(),{7},17,0.47058823529411764
5d95fc8c7f79070017f92e93,9,[8],1,[],0.0,0.0,[],set(),{8},17,0.5294117647058824
5d95fc8c7f79070017f92e93,10,[9],1,[],0.0,0.0,[],set(),{9},17,0.5882352941176471
5d95fc8c7f79070017f92e93,11,[10],1,[],0.0,0.0,[],set(),{10},17,0.6470588235294118
5d95fc8c7f79070017f92e93,12,[10],1,[],0.0,0.0,[],set(),{10},17,0.7058823529411765
5d95fc8c7f79070017f92e93,13,[14],1,[],0.0,0.0,[],set(),{14},17,0.7647058823529411
5d95fc8c7f79070017f92e93,14,"[15, 16]",2,[],0.0,0.0,[],set(),"{16, 15}",17,0.8235294117647058
5d95fc8c7f79070017f92e93,15,[17],1,[],0.0,0.0,[],set(),{17},17,0.8823529411764706
5d95fc8c7f79070017f92e93,16,[18],1,[],0.0,0.0,[],set(),{18},17,0.9411764705882353
5d95fc8c7f79070017f92e93,17,[19],1,[],0.0,0.0,[],set(),{19},17,1.0
59d4d493c618a50001cf5c6a,1,[1],1,[],0.0,0.0,[],set(),{1},9,0.1111111111111111
59d4d493c618a50001cf5c6a,2,[4],1,[],0.0,0.0,[],set(),{4},9,0.2222222222222222
59d4d493c618a50001cf5c6a,3,[6],1,[],0.0,0.0,[],set(),{6},9,0.3333333333333333
59d4d493c618a50001cf5c6a,4,"[3, 5]",2,[],0.0,0.0,[],set(),"{3, 5}",9,0.4444444444444444
59d4d493c618a50001cf5c6a,5,[6],1,[],0.0,0.0,[],set(),{6},9,0.5555555555555556
59d4d493c618a50001cf5c6a,6,"[7, 8]",2,[],0.0,0.0,[],set(),"{8, 7}",9,0.6666666666666666
59d4d493c618a50001cf5c6a,7,[9],1,[],0.0,0.0,[],set(),{9},9,0.7777777777777778
59d4d493c618a50001cf5c6a,8,[10],1,[],0.0,0.0,[],set(),{10},9,0.8888888888888888
59d4d493c618a50001cf5c6a,9,"[17, 18, 19]",3,[],0.0,0.0,[],set(),"{17, 18, 19}",9,1.0
60cf6ac511be7d68ef982d47,1,[1],1,[],0.0,0.0,[],set(),{1},10,0.1
60cf6ac511be7d68ef982d47,2,"[2, 3, 5]",3,[],0.0,0.0,[],set(),"{2, 3, 5}",10,0.2
60cf6ac511be7d68ef982d47,3,[6],1,[],0.0,0.0,[],set(),{6},10,0.3
60cf6ac511be7d68ef982d47,4,[4],1,[],0.0,0.0,[],set(),{4},10,0.4
60cf6ac511be7d68ef982d47,5,"[7, 8, 13]",3,[],0.0,0.0,[],set(),"{8, 13, 7}",10,0.5
60cf6ac511be7d68ef982d47,6,"[9, 11]",2,[],0.0,0.0,[],set(),"{9, 11}",10,0.6
60cf6ac511be7d68ef982d47,7,[10],1,[],0.0,0.0,[],set(),{10},10,0.7
60cf6ac511be7d68ef982d47,8,"[14, 15, 16]",3,[],0.0,0.0,[],set(),"{16, 14, 15}",10,0.8
60cf6ac511be7d68ef982d47,9,"[17, 18, 19]",3,[],0.0,0.0,[],set(),"{17, 18, 19}",10,0.9
60cf6ac511be7d68ef982d47,10,"[18, 19]",2,[],0.0,0.0,[],set(),"{18, 19}",10,1.0
5ca36c495c01df0013af4f75,1,[1],1,[],0.0,0.0,[],set(),{1},7,0.14285714285714285
5ca36c495c01df0013af4f75,2,[1],1,[],0.0,0.0,[],set(),{1},7,0.2857142857142857
5ca36c495c01df0013af4f75,3,"[2, 3, 5]",3,[],0.0,0.0,[],set(),"{2, 3, 5}",7,0.42857142857142855
5ca36c495c01df0013af4f75,4,[7],1,[],0.0,0.0,[],set(),{7},7,0.5714285714285714
5ca36c495c01df0013af4f75,5,"[14, 15, 16]",3,[],0.0,0.0,[],set(),"{16, 14, 15}",7,0.7142857142857143
5ca36c495c01df0013af4f75,6,"[10, 11]",2,[],0.0,0.0,[],set(),"{10, 11}",7,0.8571428571428571
5ca36c495c01df0013af4f75,7,"[10, 11]",2,[],0.0,0.0,[],set(),"{10, 11}",7,1.0
5cc96dda627fc30013fc2354,1,[1],1,[],0.0,0.0,[],set(),{1},9,0.1111111111111111
5cc96dda627fc30013fc2354,2,"[2, 5]",2,[],0.0,0.0,[],set(),"{2, 5}",9,0.2222222222222222
5cc96dda627fc30013fc2354,3,[6],1,[],0.0,0.0,[],set(),{6},9,0.3333333333333333
5cc96dda627fc30013fc2354,4,[6],1,[],0.0,0.0,[],set(),{6},9,0.4444444444444444
5cc96dda627fc30013fc2354,5,[7],1,[],0.0,0.0,[],set(),{7},9,0.5555555555555556
5cc96dda627fc30013fc2354,6,[8],1,[],0.0,0.0,[],set(),{8},9,0.6666666666666666
5cc96dda627fc30013fc2354,7,"[9, 11, 12, 16]",4,[],0.0,0.0,[],set(),"{16, 9, 11, 12}",9,0.7777777777777778
5cc96dda627fc30013fc2354,8,[17],1,[],0.0,0.0,[],set(),{17},9,0.8888888888888888
5cc96dda627fc30013fc2354,9,"[18, 19]",2,[],0.0,0.0,[],set(),"{18, 19}",9,1.0
6102e4f5caf1aed4d071c696,1,[1],1,[],0.0,0.0,[],set(),{1},20,0.05
6102e4f5caf1aed4d071c696,2,"[3, 5]",2,[],0.0,0.0,[],set(),"{3, 5}",20,0.1
6102e4f5caf1aed4d071c696,3,"[2, 5]",2,[],0.0,0.0,[],set(),"{2, 5}",20,0.15
6102e4f5caf1aed4d071c696,4,[6],1,[],0.0,0.0,[],set(),{6},20,0.2
6102e4f5caf1aed4d071c696,5,[6],1,[],0.0,0.0,[],set(),{6},20,0.25
6102e4f5caf1aed4d071c696,6,[4],1,[],0.0,0.0,[],set(),{4},20,0.3
6102e4f5caf1aed4d071c696,7,[4],1,[],0.0,0.0,[],set(),{4},20,0.35
6102e4f5caf1aed4d071c696,8,"[2, 5]",2,[],0.0,0.0,[],set(),"{2, 5}",20,0.4
6102e4f5caf1aed4d071c696,9,[6],1,[],0.0,0.0,[],set(),{6},20,0.45
6102e4f5caf1aed4d071c696,10,[7],1,[],0.0,0.0,[],set(),{7},20,0.5
6102e4f5caf1aed4d071c696,11,[13],1,[],0.0,0.0,[],set(),{13},20,0.55
6102e4f5caf1aed4d071c696,12,[13],1,[],0.0,0.0,[],set(),{13},20,0.6
6102e4f5caf1aed4d071c696,13,[9],1,[],0.0,0.0,[],set(),{9},20,0.65
6102e4f5caf1aed4d071c696,14,[10],1,[],0.0,0.0,[],set(),{10},20,0.7
6102e4f5caf1aed4d071c696,15,[7],1,[],0.0,0.0,[],set(),{7},20,0.75
6102e4f5caf1aed4d071c696,16,"[14, 15]",2,[],0.0,0.0,[],set(),"{14, 15}",20,0.8
6102e4f5caf1aed4d071c696,17,[16],1,[],0.0,0.0,[],set(),{16},20,0.85
6102e4f5caf1aed4d071c696,18,[16],1,[],0.0,0.0,[],set(),{16},20,0.9
6102e4f5caf1aed4d071c696,19,"[17, 18]",2,[],0.0,0.0,[],set(),"{17, 18}",20,0.95
6102e4f5caf1aed4d071c696,20,[19],1,[],0.0,0.0,[],set(),{19},20,1.0
60670ac0fc7e169231369ab1,1,[6],1,[],0.0,0.0,[],set(),{6},9,0.1111111111111111
60670ac0fc7e169231369ab1,2,[1],1,[],0.0,0.0,[],set(),{1},9,0.2222222222222222
60670ac0fc7e169231369ab1,3,"[2, 3, 5]",3,[],0.0,0.0,[],set(),"{2, 3, 5}",9,0.3333333333333333
60670ac0fc7e169231369ab1,4,[7],1,[],0.0,0.0,[],set(),{7},9,0.4444444444444444
60670ac0fc7e169231369ab1,5,[7],1,[],0.0,0.0,[],set(),{7},9,0.5555555555555556
60670ac0fc7e169231369ab1,6,[8],1,[],0.0,0.0,[],set(),{8},9,0.6666666666666666
60670ac0fc7e169231369ab1,7,"[9, 11, 12, 16]",4,[],0.0,0.0,[],set(),"{16, 9, 11, 12}",9,0.7777777777777778
60670ac0fc7e169231369ab1,8,"[9, 10]",2,[],0.0,0.0,[],set(),"{9, 10}",9,0.8888888888888888
60670ac0fc7e169231369ab1,9,[10],1,[],0.0,0.0,[],set(),{10},9,1.0
5ef7c74aa6fa9d0ff3085f8c,1,[1],1,[],0.0,0.0,[],set(),{1},8,0.125
5ef7c74aa6fa9d0ff3085f8c,2,"[2, 3, 4, 5]",4,[],0.0,0.0,[],set(),"{2, 3, 4, 5}",8,0.25
5ef7c74aa6fa9d0ff3085f8c,3,"[7, 13]",2,[],0.0,0.0,[],set(),"{13, 7}",8,0.375
5ef7c74aa6fa9d0ff3085f8c,4,[8],1,[],0.0,0.0,[],set(),{8},8,0.5
5ef7c74aa6fa9d0ff3085f8c,5,"[9, 10]",2,[],0.0,0.0,[],set(),"{9, 10}",8,0.625
5ef7c74aa6fa9d0ff3085f8c,6,[10],1,[],0.0,0.0,[],set(),{10},8,0.75
5ef7c74aa6fa9d0ff3085f8c,7,[17],1,[],0.0,0.0,[],set(),{17},8,0.875
5ef7c74aa6fa9d0ff3085f8c,8,"[18, 19]",2,[],0.0,0.0,[],set(),"{18, 19}",8,1.0
60bbf9e1cfcce5b0382bf9b1,1,"[2, 5]",2,[],0.0,0.0,[],set(),"{2, 5}",3,0.3333333333333333
60bbf9e1cfcce5b0382bf9b1,2,"[2, 5]",2,[],0.0,0.0,[],set(),"{2, 5}",3,0.6666666666666666
60bbf9e1cfcce5b0382bf9b1,3,[],0,[],0.0,0.0,[],set(),set(),3,1.0
5fb3a3c38a7d5903b43c1949,1,[1],1,[],0.0,0.0,[],set(),{1},5,0.2
5fb3a3c38a7d5903b43c1949,2,"[2, 5]",2,[],0.0,0.0,[],set(),"{2, 5}",5,0.4
5fb3a3c38a7d5903b43c1949,3,"[6, 13]",2,[],0.0,0.0,[],set(),"{13, 6}",5,0.6
5fb3a3c38a7d5903b43c1949,4,[6],1,[],0.0,0.0,[],set(),{6},5,0.8
5fb3a3c38a7d5903b43c1949,5,[7],1,[],0.0,0.0,[],set(),{7},5,1.0
56f5d4dc736c79000b228286,1,[1],1,[],0.0,0.0,[],set(),{1},10,0.1
56f5d4dc736c79000b228286,2,"[2, 3, 4, 5]",4,[],0.0,0.0,[],set(),"{2, 3, 4, 5}",10,0.2
56f5d4dc736c79000b228286,3,[7],1,[],0.0,0.0,[],set(),{7},10,0.3
56f5d4dc736c79000b228286,4,[7],1,[],0.0,0.0,[],set(),{7},10,0.4
56f5d4dc736c79000b228286,5,[8],1,[],0.0,0.0,[],set(),{8},10,0.5
56f5d4dc736c79000b228286,6,"[9, 11]",2,[],0.0,0.0,[],set(),"{9, 11}",10,0.6
56f5d4dc736c79000b228286,7,[10],1,[],0.0,0.0,[],set(),{10},10,0.7
56f5d4dc736c79000b228286,8,[17],1,[],0.0,0.0,[],set(),{17},10,0.8
56f5d4dc736c79000b228286,9,[18],1,[],0.0,0.0,[],set(),{18},10,0.9
56f5d4dc736c79000b228286,10,[19],1,[],0.0,0.0,[],set(),{19},10,1.0
5de16fd00e58661bb3519db8,1,[1],1,[],0.0,0.0,[],set(),{1},18,0.05555555555555555
5de16fd00e58661bb3519db8,2,"[2, 4, 5]",3,[],0.0,0.0,[],set(),"{2, 4, 5}",18,0.1111111111111111
5de16fd00e58661bb3519db8,3,[6],1,[],0.0,0.0,[],set(),{6},18,0.16666666666666666
5de16fd00e58661bb3519db8,4,[6],1,[],0.0,0.0,[],set(),{6},18,0.2222222222222222
5de16fd00e58661bb3519db8,5,[7],1,[],0.0,0.0,[],set(),{7},18,0.2777777777777778
5de16fd00e58661bb3519db8,6,[8],1,[],0.0,0.0,[],set(),{8},18,0.3333333333333333
5de16fd00e58661bb3519db8,7,[9],1,[],0.0,0.0,[],set(),{9},18,0.3888888888888889
5de16fd00e58661bb3519db8,8,[10],1,[],0.0,0.0,[],set(),{10},18,0.4444444444444444
5de16fd00e58661bb3519db8,9,[10],1,[],0.0,0.0,[],set(),{10},18,0.5
5de16fd00e58661bb3519db8,10,[11],1,[],0.0,0.0,[],set(),{11},18,0.5555555555555556
5de16fd00e58661bb3519db8,11,[12],1,[],0.0,0.0,[],set(),{12},18,0.6111111111111112
5de16fd00e58661bb3519db8,12,[13],1,[],0.0,0.0,[],set(),{13},18,0.6666666666666666
5de16fd00e58661bb3519db8,13,[14],1,[],0.0,0.0,[],set(),{14},18,0.7222222222222222
5de16fd00e58661bb3519db8,14,[15],1,[],0.0,0.0,[],set(),{15},18,0.7777777777777778
5de16fd00e58661bb3519db8,15,[16],1,[],0.0,0.0,[],set(),{16},18,0.8333333333333334
5de16fd00e58661bb3519db8,16,[17],1,[],0.0,0.0,[],set(),{17},18,0.8888888888888888
5de16fd00e58661bb3519db8,17,[17],1,[],0.0,0.0,[],set(),{17},18,0.9444444444444444
5de16fd00e58661bb3519db8,18,"[18, 19]",2,[],0.0,0.0,[],set(),"{18, 19}",18,1.0
5ed3b17bc0d11002f6e15f6b,1,[1],1,[],0.0,0.0,[],set(),{1},5,0.2
5ed3b17bc0d11002f6e15f6b,2,"[2, 5]",2,[],0.0,0.0,[],set(),"{2, 5}",5,0.4
5ed3b17bc0d11002f6e15f6b,3,[7],1,[],0.0,0.0,[],set(),{7},5,0.6
5ed3b17bc0d11002f6e15f6b,4,"[8, 13]",2,[],0.0,0.0,[],set(),"{8, 13}",5,0.8
5ed3b17bc0d11002f6e15f6b,5,"[9, 14, 15, 16]",4,[],0.0,0.0,[],set(),"{16, 9, 14, 15}",5,1.0
607081b0ecb2499634a349dd,1,[1],1,[],0.0,0.0,[],set(),{1},10,0.1
607081b0ecb2499634a349dd,2,[6],1,[],0.0,0.0,[],set(),{6},10,0.2
607081b0ecb2499634a349dd,3,"[2, 3, 5, 7]",4,[],0.0,0.0,[],set(),"{2, 3, 5, 7}",10,0.3
607081b0ecb2499634a349dd,4,[7],1,[],0.0,0.0,[],set(),{7},10,0.4
607081b0ecb2499634a349dd,5,[7],1,[],0.0,0.0,[],set(),{7},10,0.5
607081b0ecb2499634a349dd,6,[7],1,[],0.0,0.0,[],set(),{7},10,0.6
607081b0ecb2499634a349dd,7,[8],1,[],0.0,0.0,[],set(),{8},10,0.7
607081b0ecb2499634a349dd,8,"[14, 15]",2,[],0.0,0.0,[],set(),"{14, 15}",10,0.8
607081b0ecb2499634a349dd,9,[16],1,[],0.0,0.0,[],set(),{16},10,0.9
607081b0ecb2499634a349dd,10,"[9, 10, 11]",3,[],0.0,0.0,[],set(),"{9, 10, 11}",10,1.0
5afdd098b8c14a00019f2701,1,"[2, 5]",2,[],0.0,0.0,[],set(),"{2, 5}",6,0.16666666666666666
5afdd098b8c14a00019f2701,2,[6],1,[],0.0,0.0,[],set(),{6},6,0.3333333333333333
5afdd098b8c14a00019f2701,3,"[6, 13]",2,[],0.0,0.0,[],set(),"{13, 6}",6,0.5
5afdd098b8c14a00019f2701,4,[4],1,[],0.0,0.0,[],set(),{4},6,0.6666666666666666
5afdd098b8c14a00019f2701,5,[7],1,[],0.0,0.0,[],set(),{7},6,0.8333333333333334
5afdd098b8c14a00019f2701,6,"[17, 18]",2,[],0.0,0.0,[],set(),"{17, 18}",6,1.0
5be1cc598c6a19000137a503,1,[1],1,[],0.0,0.0,[],set(),{1},12,0.08333333333333333
5be1cc598c6a19000137a503,2,"[2, 5]",2,[],0.0,0.0,[],set(),"{2, 5}",12,0.16666666666666666
5be1cc598c6a19000137a503,3,[4],1,[],0.0,0.0,[],set(),{4},12,0.25
5be1cc598c6a19000137a503,4,[6],1,[],0.0,0.0,[],set(),{6},12,0.3333333333333333
5be1cc598c6a19000137a503,5,[6],1,[],0.0,0.0,[],set(),{6},12,0.4166666666666667
5be1cc598c6a19000137a503,6,[6],1,[],0.0,0.0,[],set(),{6},12,0.5
5be1cc598c6a19000137a503,7,[7],1,[],0.0,0.0,[],set(),{7},12,0.5833333333333334
5be1cc598c6a19000137a503,8,"[9, 10, 11, 12]",4,[],0.0,0.0,[],set(),"{9, 10, 11, 12}",12,0.6666666666666666
5be1cc598c6a19000137a503,9,"[14, 15]",2,[],0.0,0.0,[],set(),"{14, 15}",12,0.75
5be1cc598c6a19000137a503,10,[16],1,[],0.0,0.0,[],set(),{16},12,0.8333333333333334
5be1cc598c6a19000137a503,11,"[17, 18]",2,[],0.0,0.0,[],set(),"{17, 18}",12,0.9166666666666666
5be1cc598c6a19000137a503,12,[19],1,[],0.0,0.0,[],set(),{19},12,1.0
5e5843f3677ae4053b1a0169,1,[1],1,[],0.0,0.0,[],set(),{1},14,0.07142857142857142
5e5843f3677ae4053b1a0169,2,[2],1,[],0.0,0.0,[],set(),{2},14,0.14285714285714285
5e5843f3677ae4053b1a0169,3,[4],1,[],0.0,0.0,[],set(),{4},14,0.21428571428571427
5e5843f3677ae4053b1a0169,4,[6],1,[],0.0,0.0,[],set(),{6},14,0.2857142857142857
5e5843f3677ae4053b1a0169,5,[5],1,[],0.0,0.0,[],set(),{5},14,0.35714285714285715
5e5843f3677ae4053b1a0169,6,[7],1,[],0.0,0.0,[],set(),{7},14,0.42857142857142855
5e5843f3677ae4053b1a0169,7,[10],1,[],0.0,0.0,[],set(),{10},14,0.5
5e5843f3677ae4053b1a0169,8,[9],1,[],0.0,0.0,[],set(),{9},14,0.5714285714285714
5e5843f3677ae4053b1a0169,9,[11],1,[],0.0,0.0,[],set(),{11},14,0.6428571428571429
5e5843f3677ae4053b1a0169,10,[14],1,[],0.0,0.0,[],set(),{14},14,0.7142857142857143
5e5843f3677ae4053b1a0169,11,[16],1,[],0.0,0.0,[],set(),{16},14,0.7857142857142857
5e5843f3677ae4053b1a0169,12,[13],1,[],0.0,0.0,[],set(),{13},14,0.8571428571428571
5e5843f3677ae4053b1a0169,13,[13],1,[],0.0,0.0,[],set(),{13},14,0.9285714285714286
5e5843f3677ae4053b1a0169,14,[19],1,[],0.0,0.0,[],set(),{19},14,1.0
648b920a66c5e3040ab14f6a,1,[1],1,[],0.0,0.0,[],set(),{1},6,0.16666666666666666
648b920a66c5e3040ab14f6a,2,"[2, 3, 5]",3,[],0.0,0.0,[],set(),"{2, 3, 5}",6,0.3333333333333333
648b920a66c5e3040ab14f6a,3,[7],1,[],0.0,0.0,[],set(),{7},6,0.5
648b920a66c5e3040ab14f6a,4,"[9, 11]",2,[],0.0,0.0,[],set(),"{9, 11}",6,0.6666666666666666
648b920a66c5e3040ab14f6a,5,[9],1,[],0.0,0.0,[],set(),{9},6,0.8333333333333334
648b920a66c5e3040ab14f6a,6,[10],1,[],0.0,0.0,[],set(),{10},6,1.0
6056487421642ca6fef2f200,1,"[1, 4]",2,[],0.0,0.0,[],set(),"{1, 4}",6,0.16666666666666666
6056487421642ca6fef2f200,2,"[2, 5]",2,[],0.0,0.0,[],set(),"{2, 5}",6,0.3333333333333333
6056487421642ca6fef2f200,3,[7],1,[],0.0,0.0,[],set(),{7},6,0.5
6056487421642ca6fef2f200,4,"[9, 10]",2,[],0.0,0.0,[],set(),"{9, 10}",6,0.6666666666666666
6056487421642ca6fef2f200,5,"[14, 15, 16]",3,[],0.0,0.0,[],set(),"{16, 14, 15}",6,0.8333333333333334
6056487421642ca6fef2f200,6,"[17, 18, 19]",3,[],0.0,0.0,[],set(),"{17, 18, 19}",6,1.0
60c00052c391140811ca1d54,1,[1],1,[],0.0,0.0,[],set(),{1},14,0.07142857142857142
60c00052c391140811ca1d54,2,"[2, 5]",2,[],0.0,0.0,[],set(),"{2, 5}",14,0.14285714285714285
60c00052c391140811ca1d54,3,[3],1,[],0.0,0.0,[],set(),{3},14,0.21428571428571427
60c00052c391140811ca1d54,4,[4],1,[],0.0,0.0,[],set(),{4},14,0.2857142857142857
60c00052c391140811ca1d54,5,[6],1,[],0.0,0.0,[],set(),{6},14,0.35714285714285715
60c00052c391140811ca1d54,6,[],0,[],0.0,0.0,[],set(),set(),14,0.42857142857142855
60c00052c391140811ca1d54,7,[7],1,[],0.0,0.0,[],set(),{7},14,0.5
60c00052c391140811ca1d54,8,[11],1,[],0.0,0.0,[],set(),{11},14,0.5714285714285714
60c00052c391140811ca1d54,9,[8],1,[],0.0,0.0,[],set(),{8},14,0.6428571428571429
60c00052c391140811ca1d54,10,"[9, 10]",2,[],0.0,0.0,[],set(),"{9, 10}",14,0.7142857142857143
60c00052c391140811ca1d54,11,[10],1,[],0.0,0.0,[],set(),{10},14,0.7857142857142857
60c00052c391140811ca1d54,12,[12],1,[],0.0,0.0,[],set(),{12},14,0.8571428571428571
60c00052c391140811ca1d54,13,"[18, 19]",2,[],0.0,0.0,[],set(),"{18, 19}",14,0.9285714285714286
60c00052c391140811ca1d54,14,"[14, 15, 16]",3,[],0.0,0.0,[],set(),"{16, 14, 15}",14,1.0
5f39289db05fd84737afec99,1,[],0,[],0.0,0.0,[],set(),set(),6,0.16666666666666666
5f39289db05fd84737afec99,2,[1],1,[],0.0,0.0,[],set(),{1},6,0.3333333333333333
5f39289db05fd84737afec99,3,"[2, 3, 5]",3,[],0.0,0.0,[],set(),"{2, 3, 5}",6,0.5
5f39289db05fd84737afec99,4,[7],1,[],0.0,0.0,[],set(),{7},6,0.6666666666666666
5f39289db05fd84737afec99,5,[13],1,[],0.0,0.0,[],set(),{13},6,0.8333333333333334
5f39289db05fd84737afec99,6,"[17, 18, 19]",3,[],0.0,0.0,[],set(),"{17, 18, 19}",6,1.0
5aa18536dbdb470001ef2cf1,1,[1],1,[],0.0,0.0,[],set(),{1},14,0.07142857142857142
5aa18536dbdb470001ef2cf1,2,[1],1,[],0.0,0.0,[],set(),{1},14,0.14285714285714285
5aa18536dbdb470001ef2cf1,3,"[2, 5]",2,[],0.0,0.0,[],set(),"{2, 5}",14,0.21428571428571427
5aa18536dbdb470001ef2cf1,4,"[2, 5]",2,[],0.0,0.0,[],set(),"{2, 5}",14,0.2857142857142857
5aa18536dbdb470001ef2cf1,5,[6],1,[],0.0,0.0,[],set(),{6},14,0.35714285714285715
5aa18536dbdb470001ef2cf1,6,[7],1,[],0.0,0.0,[],set(),{7},14,0.42857142857142855
5aa18536dbdb470001ef2cf1,7,[8],1,[],0.0,0.0,[],set(),{8},14,0.5
5aa18536dbdb470001ef2cf1,8,[9],1,[],0.0,0.0,[],set(),{9},14,0.5714285714285714
5aa18536dbdb470001ef2cf1,9,[10],1,[],0.0,0.0,[],set(),{10},14,0.6428571428571429
5aa18536dbdb470001ef2cf1,10,[10],1,[],0.0,0.0,[],set(),{10},14,0.7142857142857143
5aa18536dbdb470001ef2cf1,11,[14],1,[],0.0,0.0,[],set(),{14},14,0.7857142857142857
5aa18536dbdb470001ef2cf1,12,[16],1,[],0.0,0.0,[],set(),{16},14,0.8571428571428571
5aa18536dbdb470001ef2cf1,13,[17],1,[],0.0,0.0,[],set(),{17},14,0.9285714285714286
5aa18536dbdb470001ef2cf1,14,[19],1,[],0.0,0.0,[],set(),{19},14,1.0
5e90b34a9e934e3ccc7330ba,1,[1],1,[],0.0,0.0,[],set(),{1},9,0.1111111111111111
5e90b34a9e934e3ccc7330ba,2,[4],1,[],0.0,0.0,[],set(),{4},9,0.2222222222222222
5e90b34a9e934e3ccc7330ba,3,[6],1,[],0.0,0.0,[],set(),{6},9,0.3333333333333333
5e90b34a9e934e3ccc7330ba,4,"[2, 3, 5]",3,[],0.0,0.0,[],set(),"{2, 3, 5}",9,0.4444444444444444
5e90b34a9e934e3ccc7330ba,5,[7],1,[],0.0,0.0,[],set(),{7},9,0.5555555555555556
5e90b34a9e934e3ccc7330ba,6,"[8, 9, 10, 11, 12]",5,[],0.0,0.0,[],set(),"{8, 9, 10, 11, 12}",9,0.6666666666666666
5e90b34a9e934e3ccc7330ba,7,"[14, 15, 16]",3,[],0.0,0.0,[],set(),"{16, 14, 15}",9,0.7777777777777778
5e90b34a9e934e3ccc7330ba,8,"[17, 18]",2,[],0.0,0.0,[],set(),"{17, 18}",9,0.8888888888888888
5e90b34a9e934e3ccc7330ba,9,[19],1,[],0.0,0.0,[],set(),{19},9,1.0
5a6325d713898300014b2f82,1,[1],1,[],0.0,0.0,[],set(),{1},11,0.09090909090909091
5a6325d713898300014b2f82,2,"[2, 3, 4, 5]",4,[],0.0,0.0,[],set(),"{2, 3, 4, 5}",11,0.18181818181818182
5a6325d713898300014b2f82,3,"[2, 3, 5]",3,[],0.0,0.0,[],set(),"{2, 3, 5}",11,0.2727272727272727
5a6325d713898300014b2f82,4,[6],1,[],0.0,0.0,[],set(),{6},11,0.36363636363636365
5a6325d713898300014b2f82,5,[7],1,[],0.0,0.0,[],set(),{7},11,0.45454545454545453
5a6325d713898300014b2f82,6,[8],1,[],0.0,0.0,[],set(),{8},11,0.5454545454545454
5a6325d713898300014b2f82,7,[9],1,[],0.0,0.0,[],set(),{9},11,0.6363636363636364
5a6325d713898300014b2f82,8,"[10, 11]",2,[],0.0,0.0,[],set(),"{10, 11}",11,0.7272727272727273
5a6325d713898300014b2f82,9,"[14, 15]",2,[],0.0,0.0,[],set(),"{14, 15}",11,0.8181818181818182
5a6325d713898300014b2f82,10,[17],1,[],0.0,0.0,[],set(),{17},11,0.9090909090909091
5a6325d713898300014b2f82,11,"[17, 18, 19]",3,[],0.0,0.0,[],set(),"{17, 18, 19}",11,1.0
5d5991afa9c6490015e96c18,1,[1],1,[],0.0,0.0,[],set(),{1},5,0.2
5d5991afa9c6490015e96c18,2,"[2, 3, 5]",3,[],0.0,0.0,[],set(),"{2, 3, 5}",5,0.4
5d5991afa9c6490015e96c18,3,[],0,[],0.0,0.0,[],set(),set(),5,0.6
5d5991afa9c6490015e96c18,4,"[17, 18, 19]",3,[],0.0,0.0,[],set(),"{17, 18, 19}",5,0.8
5d5991afa9c6490015e96c18,5,"[14, 15, 16]",3,[],0.0,0.0,[],set(),"{16, 14, 15}",5,1.0
5d5ee3e95aa2cf0001510593,1,[1],1,[],0.0,0.0,[],set(),{1},14,0.07142857142857142
5d5ee3e95aa2cf0001510593,2,"[2, 4, 5]",3,[],0.0,0.0,[],set(),"{2, 4, 5}",14,0.14285714285714285
5d5ee3e95aa2cf0001510593,3,[6],1,[],0.0,0.0,[],set(),{6},14,0.21428571428571427
5d5ee3e95aa2cf0001510593,4,[6],1,[],0.0,0.0,[],set(),{6},14,0.2857142857142857
5d5ee3e95aa2cf0001510593,5,[7],1,[],0.0,0.0,[],set(),{7},14,0.35714285714285715
5d5ee3e95aa2cf0001510593,6,[13],1,[],0.0,0.0,[],set(),{13},14,0.42857142857142855
5d5ee3e95aa2cf0001510593,7,[8],1,[],0.0,0.0,[],set(),{8},14,0.5
5d5ee3e95aa2cf0001510593,8,[10],1,[],0.0,0.0,[],set(),{10},14,0.5714285714285714
5d5ee3e95aa2cf0001510593,9,[9],1,[],0.0,0.0,[],set(),{9},14,0.6428571428571429
5d5ee3e95aa2cf0001510593,10,[14],1,[],0.0,0.0,[],set(),{14},14,0.7142857142857143
5d5ee3e95aa2cf0001510593,11,[16],1,[],0.0,0.0,[],set(),{16},14,0.7857142857142857
5d5ee3e95aa2cf0001510593,12,[17],1,[],0.0,0.0,[],set(),{17},14,0.8571428571428571
5d5ee3e95aa2cf0001510593,13,[18],1,[],0.0,0.0,[],set(),{18},14,0.9285714285714286
5d5ee3e95aa2cf0001510593,14,[19],1,[],0.0,0.0,[],set(),{19},14,1.0
60bba0e7ce457da5179949c5,1,[1],1,[],0.0,0.0,[],set(),{1},8,0.125
60bba0e7ce457da5179949c5,2,[],0,[],0.0,0.0,[],set(),set(),8,0.25
60bba0e7ce457da5179949c5,3,[7],1,[],0.0,0.0,[],set(),{7},8,0.375
60bba0e7ce457da5179949c5,4,[8],1,[],0.0,0.0,[],set(),{8},8,0.5
60bba0e7ce457da5179949c5,5,"[9, 11, 12, 16]",4,[],0.0,0.0,[],set(),"{16, 9, 11, 12}",8,0.625
60bba0e7ce457da5179949c5,6,[],0,[],0.0,0.0,[],set(),set(),8,0.75
60bba0e7ce457da5179949c5,7,[17],1,[],0.0,0.0,[],set(),{17},8,0.875
60bba0e7ce457da5179949c5,8,"[18, 19]",2,[],0.0,0.0,[],set(),"{18, 19}",8,1.0
5fc4cb35621804962c7d21df,1,[1],1,[],0.0,0.0,[],set(),{1},13,0.07692307692307693
5fc4cb35621804962c7d21df,2,"[2, 5]",2,[],0.0,0.0,[],set(),"{2, 5}",13,0.15384615384615385
5fc4cb35621804962c7d21df,3,[6],1,[],0.0,0.0,[],set(),{6},13,0.23076923076923078
5fc4cb35621804962c7d21df,4,[4],1,[],0.0,0.0,[],set(),{4},13,0.3076923076923077
5fc4cb35621804962c7d21df,5,[7],1,[],0.0,0.0,[],set(),{7},13,0.38461538461538464
5fc4cb35621804962c7d21df,6,[8],1,[],0.0,0.0,[],set(),{8},13,0.46153846153846156
5fc4cb35621804962c7d21df,7,[9],1,[],0.0,0.0,[],set(),{9},13,0.5384615384615384
5fc4cb35621804962c7d21df,8,[10],1,[],0.0,0.0,[],set(),{10},13,0.6153846153846154
5fc4cb35621804962c7d21df,9,[10],1,[],0.0,0.0,[],set(),{10},13,0.6923076923076923
5fc4cb35621804962c7d21df,10,"[14, 15]",2,[],0.0,0.0,[],set(),"{14, 15}",13,0.7692307692307693
5fc4cb35621804962c7d21df,11,[16],1,[],0.0,0.0,[],set(),{16},13,0.8461538461538461
5fc4cb35621804962c7d21df,12,[17],1,[],0.0,0.0,[],set(),{17},13,0.9230769230769231
5fc4cb35621804962c7d21df,13,"[18, 19]",2,[],0.0,0.0,[],set(),"{18, 19}",13,1.0
607717eaae6e81fa5a889d7f,1,[1],1,[],0.0,0.0,[],set(),{1},7,0.14285714285714285
607717eaae6e81fa5a889d7f,2,[12],1,[],0.0,0.0,[],set(),{12},7,0.2857142857142857
607717eaae6e81fa5a889d7f,3,[7],1,[],0.0,0.0,[],set(),{7},7,0.42857142857142855
607717eaae6e81fa5a889d7f,4,[],0,[],0.0,0.0,[],set(),set(),7,0.5714285714285714
607717eaae6e81fa5a889d7f,5,[14],1,[],0.0,0.0,[],set(),{14},7,0.7142857142857143
607717eaae6e81fa5a889d7f,6,"[9, 16]",2,[],0.0,0.0,[],set(),"{16, 9}",7,0.8571428571428571
607717eaae6e81fa5a889d7f,7,[8],1,[],0.0,0.0,[],set(),{8},7,1.0
62ceb5cfb6888fc7fabe1c20,1,[1],1,[],0.0,0.0,[],set(),{1},7,0.14285714285714285
62ceb5cfb6888fc7fabe1c20,2,[1],1,[],0.0,0.0,[],set(),{1},7,0.2857142857142857
62ceb5cfb6888fc7fabe1c20,3,"[2, 3, 4, 5]",4,[],0.0,0.0,[],set(),"{2, 3, 4, 5}",7,0.42857142857142855
62ceb5cfb6888fc7fabe1c20,4,"[7, 11, 12]",3,[],0.0,0.0,[],set(),"{11, 12, 7}",7,0.5714285714285714
62ceb5cfb6888fc7fabe1c20,5,"[8, 14, 15, 16]",4,[],0.0,0.0,[],set(),"{8, 16, 14, 15}",7,0.7142857142857143
62ceb5cfb6888fc7fabe1c20,6,"[9, 10, 11, 12]",4,[],0.0,0.0,[],set(),"{9, 10, 11, 12}",7,0.8571428571428571
62ceb5cfb6888fc7fabe1c20,7,"[17, 18, 19]",3,[],0.0,0.0,[],set(),"{17, 18, 19}",7,1.0
61059784fd4a489bfad21fcd,1,"[2, 4, 5]",3,[],0.0,0.0,[],set(),"{2, 4, 5}",7,0.14285714285714285
61059784fd4a489bfad21fcd,2,[7],1,[],0.0,0.0,[],set(),{7},7,0.2857142857142857
61059784fd4a489bfad21fcd,3,"[9, 10]",2,[],0.0,0.0,[],set(),"{9, 10}",7,0.42857142857142855
61059784fd4a489bfad21fcd,4,"[14, 15, 16]",3,[],0.0,0.0,[],set(),"{16, 14, 15}",7,0.5714285714285714
61059784fd4a489bfad21fcd,5,[17],1,[],0.0,0.0,[],set(),{17},7,0.7142857142857143
61059784fd4a489bfad21fcd,6,[18],1,[],0.0,0.0,[],set(),{18},7,0.8571428571428571
61059784fd4a489bfad21fcd,7,[19],1,[],0.0,0.0,[],set(),{19},7,1.0
5bf769ac2dd20c00013188d1,1,[1],1,[],0.0,0.0,[],set(),{1},13,0.07692307692307693
5bf769ac2dd20c00013188d1,2,"[2, 5]",2,[],0.0,0.0,[],set(),"{2, 5}",13,0.15384615384615385
5bf769ac2dd20c00013188d1,3,[6],1,[],0.0,0.0,[],set(),{6},13,0.23076923076923078
5bf769ac2dd20c00013188d1,4,[7],1,[],0.0,0.0,[],set(),{7},13,0.3076923076923077
5bf769ac2dd20c00013188d1,5,"[7, 8]",2,[],0.0,0.0,[],set(),"{8, 7}",13,0.38461538461538464
5bf769ac2dd20c00013188d1,6,[9],1,[],0.0,0.0,[],set(),{9},13,0.46153846153846156
5bf769ac2dd20c00013188d1,7,[11],1,[],0.0,0.0,[],set(),{11},13,0.5384615384615384
5bf769ac2dd20c00013188d1,8,"[14, 15, 16]",3,[],0.0,0.0,[],set(),"{16, 14, 15}",13,0.6153846153846154
5bf769ac2dd20c00013188d1,9,[17],1,[],0.0,0.0,[],set(),{17},13,0.6923076923076923
5bf769ac2dd20c00013188d1,10,[17],1,[],0.0,0.0,[],set(),{17},13,0.7692307692307693
5bf769ac2dd20c00013188d1,11,[],0,[],0.0,0.0,[],set(),set(),13,0.8461538461538461
5bf769ac2dd20c00013188d1,12,"[18, 19]",2,[],0.0,0.0,[],set(),"{18, 19}",13,0.9230769230769231
5bf769ac2dd20c00013188d1,13,[19],1,[],0.0,0.0,[],set(),{19},13,1.0
